TITLE,CATEGORY,TYPE,MEDIUM,FRAME,PHOTO URL LINK,ARTIST,DATE,SITE,STREET ADDRESS,CITY,ZIP CODE,STATE,LATITUDE,LONGITUDE,LOCATION
CHARITY,PAINTING,MURAL,OIL ON CANVAS WITH HIGH RELIEF PLASTER,FALSE,HTTP://WWW.CI.BUFFALO.NY.US/FILES/1_2_1/PUBLIC%20ART%20WEBSITE/WEB%20PAGES/CHARITY.HTML,WILLIAM DE LEFTWICH DODGE,1/1/1931 0:00,1ST FLOOR CITY HALL,65 NIAGARA SQUARE,BUFFALO,14202,NY,42.886641,-78.879354,"(42.886641, -78.879354)"
MAYOR ANTHONY MASIELLO,PAINTINGS,PORTRAIT,OIL ON CANVAS,TRUE,UNKNOWN,NATHAN NAETZKER,,201 CITY HALL,65 NIAGARA SQUARE,BUFFALO,14202,NY,42.886641,-78.879354,"(42.886641, -78.879354)"
CITY SEAL,DECORATIVE OBJECTS,PLAQUE,BRONZE ON WOOD,FALSE,UNKNOWN,UNKNOWN,,201 CITY HALL,65 NIAGARA SQUARE,BUFFALO,14202,NY,42.886641,-78.879354,"(42.886641, -78.879354)"
WEBSTER'S NEW INTERNATIONAL DICTIONARY OF THE ENGLISH LANGUAGE,DECORATIVE OBJECTS,BOOK,PAPER WITH CLOTH BINDING,FALSE,UNKNOWN,UNKNOWN,3/1/1929 0:00,1308 CITY HALL,65 NIAGARA SQUARE,BUFFALO,14202,NY,42.886641,-78.879354,"(42.886641, -78.879354)"
CITY HALL,PHOTOGRAPHY,PHOTOGRAPH,PHOTOGRAPHIC IMAGE,TRUE,HTTP://WWW.CI.BUFFALO.NY.US/FILES/1_2_1/PUBLIC%20ART%20WEBSITE/WEB%20PAGES/CITY%20HALL.HTML,BIFF HENRICH,3/1/1993 0:00,1417 CITY HALL,65 NIAGARA SQUARE,BUFFALO,14202,NY,42.886641,-78.879354,"(42.886641, -78.879354)"
BUFFALO SKYLINE,PHOTOGRAPHY,PHOTOGRAPH,PHOTOGRAPHIC IMAGE,TRUE,HTTP://WWW.CI.BUFFALO.NY.US/FILES/1_2_1/PUBLIC%20ART%20WEBSITE/WEB%20PAGES/BUFFALO%20SKYLINE.HTML,DONNA JORDAN DUSEL,3/1/1981 0:00,1417 CITY HALL,65 NIAGARA SQUARE,BUFFALO,14202,NY,42.886641,-78.879354,"(42.886641, -78.879354)"
PRESIDENT GROVER CLEVELAND,SCULPTURE,BUST,WHITE MARBLE BUST ON POLISHED WHITE MARBLE BASE WITH BRONZE PLAQUE,FALSE,HTTP://WWW.CI.BUFFALO.NY.US/FILES/1_2_1/PUBLIC%20ART%20WEBSITE/WEB%20PAGES/CLEVELAND%20BUST.HTML,UNKNOWN,,1ST FLOOR CITY HALL,65 NIAGARA SQUARE,BUFFALO,14202,NY,42.886641,-78.879354,"(42.886641, -78.879354)"
CONSTRUCTION,PAINTINGS,LUNETTE MURAL,OIL ON CANVAS WITH  PLASTER RELIEF,FALSE,HTTP://WWW.CI.BUFFALO.NY.US/FILES/1_2_1/PUBLIC%20ART%20WEBSITE/WEB%20PAGES/CONSTRUCTION.HTML,WILLIAM DE LEFTWICH DODGE,1/1/1931 0:00,1ST FLOOR CITY HALL,65 NIAGARA SQUARE,BUFFALO,14202,NY,42.886641,-78.879354,"(42.886641, -78.879354)"
EDUCATION,PAINTINGS,LUNETTE MURAL,OIL ON CANVAS WITH  PLASTER RELIEF,FALSE,HTTP://WWW.CI.BUFFALO.NY.US/FILES/1_2_1/PUBLIC%20ART%20WEBSITE/WEB%20PAGES/EDUCATION.HTML,WILLIAM DE LEFTWICH DODGE,1/1/1931 0:00,1ST FLOOR CITY HALL,65 NIAGARA SQUARE,BUFFALO,14202,NY,42.886641,-78.879354,"(42.886641, -78.879354)"
PRESIDENT MILLARD FILLMORE,SCULPTURE,BUST,WHITE MARBLE BUST ON PAINTED GRAY WOOD BASE WITH BRONZE PLAQUE,FALSE,HTTP://WWW.CI.BUFFALO.NY.US/FILES/1_2_1/PUBLIC%20ART%20WEBSITE/WEB%20PAGES/FILLMORE%20BUST.HTML,UNKNOWN,,1ST FLOOR CITY HALL,65 NIAGARA SQUARE,BUFFALO,14202,NY,42.886641,-78.879354,"(42.886641, -78.879354)"
CITY SCENE,PAINTINGS,ABSTRACT,MIXED MEDIA,TRUE,HTTP://WWW.CI.BUFFALO.NY.US/FILES/1_2_1/PUBLIC%20ART%20WEBSITE/WEB%20PAGES/CITY%20SCENE.HTML,JAMES G PAPPAS,1/1/1997 0:00,1417 CITY HALL,65 NIAGARA SQUARE,BUFFALO,14202,NY,42.886641,-78.879354,"(42.886641, -78.879354)"
DO THE RIGHT THING,PAINTINGS,LANDSCAPE,PHOTOGRAPHIC IMAGE,TRUE,HTTP://WWW.CI.BUFFALO.NY.US/FILES/1_2_1/PUBLIC%20ART%20WEBSITE/WEB%20PAGES/DO%20THE%20RIGHT%20THING.HTML,STANFORD LIPSEY,1/1/1989 0:00,1417 CITY HALL,65 NIAGARA SQUARE,BUFFALO,14202,NY,42.886641,-78.879354,"(42.886641, -78.879354)"
LOOKING TO CITY HALL,COLLAGE,LANDSCAPE,WATERCOLOR ON PAPER,TRUE,HTTP://WWW.CI.BUFFALO.NY.US/FILES/1_2_1/PUBLIC%20ART%20WEBSITE/WEB%20PAGES/LOOKING%20TO%20CITY%20HALL.HTML,RITA ARGEN AUERBACH,1/1/1995 0:00,1417 CITY HALL,65 NIAGARA SQUARE,BUFFALO,14202,NY,42.886641,-78.879354,"(42.886641, -78.879354)"
MARKET ARCADE,PAINTINGS,ABSTRACT,MIXED MEDIA,TRUE,HTTP://WWW.CI.BUFFALO.NY.US/FILES/1_2_1/PUBLIC%20ART%20WEBSITE/WEB%20PAGES/MARKET%20ARCADE.HTML,TERRI KATZ KASIMOV,1/1/1997 0:00,1417 CITY HALL,65 NIAGARA SQUARE,BUFFALO,14202,NY,42.886641,-78.879354,"(42.886641, -78.879354)"
OPENING NIGHT,PAINTINGS,PORTRAIT,OIL ON CANVAS,TRUE,HTTP://WWW.CI.BUFFALO.NY.US/FILES/1_2_1/PUBLIC%20ART%20WEBSITE/WEB%20PAGES/OPENING.HTML,ANITA L JOHNSON,1/1/1996 0:00,1417 CITY HALL,65 NIAGARA SQUARE,BUFFALO,14202,NY,42.886641,-78.879354,"(42.886641, -78.879354)"
PORTRAIT OF CITY HALL,COLLAGE,LANDSCAPE,MIXED MEDIA,TRUE,HTTP://WWW.CI.BUFFALO.NY.US/FILES/1_2_1/PUBLIC%20ART%20WEBSITE/WEB%20PAGES/PORTRAIT%20OF%20CITY%20HALL.HTML,GERALD C MEAD JR,1/1/1997 0:00,1417 CITY HALL,65 NIAGARA SQUARE,BUFFALO,14202,NY,42.886641,-78.879354,"(42.886641, -78.879354)"
SOUTH BUFFALO,PAINTINGS,ABSTRACT,WATERCOLOR ON PAPER,TRUE,HTTP://WWW.CI.BUFFALO.NY.US/FILES/1_2_1/PUBLIC%20ART%20WEBSITE/WEB%20PAGES/SOUTH%20BUFFALO.HTML,DAVID PRATT,1/1/1997 0:00,1417 CITY HALL,65 NIAGARA SQUARE,BUFFALO,14202,NY,42.886641,-78.879354,"(42.886641, -78.879354)"
PRESIDENT GROVER CLEVELAND LETTERS,DECORATIVE OBJECTS,LETTER/PHOTOGRAPH,PAPER,TRUE,UNKNOWN,UNKNOWN,,201 CITY HALL,65 NIAGARA SQUARE,BUFFALO,14202,NY,42.886641,-78.879354,"(42.886641, -78.879354)"
HISTORIC ITEMS,DECORATIVE OBJECTS,VARIOUS,MIXED MEDIA,FALSE,UNKNOWN,VARIOUS,,201 CITY HALL,65 NIAGARA SQUARE,BUFFALO,14202,NY,42.886641,-78.879354,"(42.886641, -78.879354)"
SISTER CITIES GIFTS,DECORATIVE OBJECTS,VARIOUS,MIXED MEDIA,FALSE,UNKNOWN,UNKNOWN,,201 CITY HALL,65 NIAGARA SQUARE,BUFFALO,14202,NY,42.886641,-78.879354,"(42.886641, -78.879354)"
FRONTIERS UNFETTERED BY ANY FROWNING FORTRESS,PAINTINGS,MURAL,OIL ON CANVAS WITH PLASTER RELIEF,FALSE,HTTP://WWW.CI.BUFFALO.NY.US/FILES/1_2_1/PUBLIC%20ART%20WEBSITE/WEB%20PAGES/FRONTIERS%20UNFETTERED%20BY%20ANY%20FROWNING%20FORTESS.HTML,WILLIAM DE LEFTWICH DODGE,1/1/1931 0:00,1ST FLOOR CITY HALL,65 NIAGARA SQUARE,BUFFALO,14202,NY,42.886641,-78.879354,"(42.886641, -78.879354)"
PRESIDENT JOHN F KENNEDY,SCULPTURE,BUST,BRONZE ON GRANITE BASE,FALSE,HTTP://WWW.CI.BUFFALO.NY.US/FILES/1_2_1/PUBLIC%20ART%20WEBSITE/WEB%20PAGES/J.F.K.%20BUST.HTML,BRYANT BAKER,1/1/1964 0:00,1ST FLOOR CITY HALL,65 NIAGARA SQUARE,BUFFALO,14202,NY,42.886641,-78.879354,"(42.886641, -78.879354)"
PROTECTION,PAINTINGS,LUNETTE MURAL,OIL ON CANVAS WITH PLASTER RELIEF,FALSE,HTTP://WWW.CI.BUFFALO.NY.US/FILES/1_2_1/PUBLIC%20ART%20WEBSITE/WEB%20PAGES/PROTECTION.HTML,WILLIAM DE LEFTWICH DODGE,1/1/1931 0:00,1ST FLOOR CITY HALL,65 NIAGARA SQUARE,BUFFALO,14202,NY,42.886641,-78.879354,"(42.886641, -78.879354)"
TALENTS DIVERSIFIED FIND VENT IN MYRIAD FORM,PAINTINGS,MURAL,OIL ON CANVAS WITH PLASTER RELIEF,FALSE,HTTP://WWW.CI.BUFFALO.NY.US/FILES/1_2_1/PUBLIC%20ART%20WEBSITE/WEB%20PAGES/TALENTS%20DIVERSIFIED%20FIND%20VENT%20IN%20MYRIAD%20FORM.HTML,WILLIAM DE LEFTWICH DODGE,1/1/1931 0:00,1ST FLOOR CITY HALL,65 NIAGARA SQUARE,BUFFALO,14202,NY,42.886641,-78.879354,"(42.886641, -78.879354)"
BUFFALO ARTS COMMISSION AWARD PLAQUE,DECORATIVE OBJECTS,PLAQUE,BRONZE,FALSE,HTTP://WWW.CITY-BUFFALO.COM/FILES/1_2_1/PUBLIC%20ART%20WEBSITE/WEB%20PAGES/BUFFALO%20ARTS%20COMMISSION%20AWARD.HTML,UNKNOWN,1/1/2002 0:00,1ST FLOOR CITY HALL,65 NIAGARA SQUARE,BUFFALO,14202,NY,42.886641,-78.879354,"(42.886641, -78.879354)"
CHARLES E ROESCH,DECORATIVE OBJECTS,PLAQUE,BRONZE,FALSE,HTTP://WWW.CITY-BUFFALO.COM/FILES/1_2_1/PUBLIC%20ART%20WEBSITE/WEB%20PAGES/ROESCH%20PLAQUE.HTML,W M EHRICH SC,1/1/1937 0:00,1ST FLOOR CITY HALL,65 NIAGARA SQUARE,BUFFALO,14202,NY,42.886641,-78.879354,"(42.886641, -78.879354)"
MAYOR FRANK X SCHWAB,SCULPTURE,BUST,WHITE MARBLE BUST ON FAUX MARBLE,FALSE,HTTP://WWW.CI.BUFFALO.NY.US/FILES/1_2_1/PUBLIC%20ART%20WEBSITE/WEB%20PAGES/SCHWAB.HTML,C SORGI,12/21/1940 0:00,1ST FLOOR CITY HALL,65 NIAGARA SQUARE,BUFFALO,14202,NY,42.886641,-78.879354,"(42.886641, -78.879354)"
BUFFALO SABRES JERSEY,DECORATIVE OBJECTS,GARMENT,CLOTH,TRUE,UNKNOWN,UNKNOWN,,201 CITY HALL,65 NIAGARA SQUARE,BUFFALO,14202,NY,42.886641,-78.879354,"(42.886641, -78.879354)"
MAYOR FRANK X SCHWAB,PAINTINGS,PORTRAIT,OIL ON CANVAS,TRUE,UNKNOWN,UNKNOWN,,201 CITY HALL,65 NIAGARA SQUARE,BUFFALO,14202,NY,42.886641,-78.879354,"(42.886641, -78.879354)"
MAYOR FRANK X SCHWAB,PHOTOGRAPHY,PORTRAIT,PHOTOGRAPHIC IMAGE,TRUE,UNKNOWN,UNKNOWN,,201 CITY HALL,65 NIAGARA SQUARE,BUFFALO,14202,NY,42.886641,-78.879354,"(42.886641, -78.879354)"
MAYOR BERNARD J DOWD,PAINTINGS,PORTRAIT,OIL ON CANVAS,TRUE,HTTP://WWW.CI.BUFFALO.NY.US/FILES/1_2_1/PUBLIC%20ART%20WEBSITE/WEB%20PAGES/BERNARD%20DOWD.HTML,UNKNOWN,,201 CITY HALL,65 NIAGARA SQUARE,BUFFALO,14202,NY,42.886641,-78.879354,"(42.886641, -78.879354)"
CITY HALL SEAL,DECORATIVE OBJECTS,PLAQUE,BRONZE,FALSE,UNKNOWN,UNKNOWN,,6TH FLOOR CITY HALL,65 NIAGARA SQUARE,BUFFALO,14202,NY,42.886641,-78.879354,"(42.886641, -78.879354)"
MAYOR CHARLES E ROESCH,PAINTINGS,PORTRAIT,OIL ON CANVAS,TRUE,HTTP://WWW.CI.BUFFALO.NY.US/FILES/1_2_1/PUBLIC%20ART%20WEBSITE/WEB%20PAGES/CHARLES%20ROESCH.HTML,EDWARD RIEGEL,1/1/1939 0:00,201 CITY HALL,65 NIAGARA SQUARE,BUFFALO,14202,NY,42.886641,-78.879354,"(42.886641, -78.879354)"
MAYOR CHESTER KOWAL,PAINTINGS,PORTRAIT,OIL ON CANVAS,TRUE,HTTP://WWW.CI.BUFFALO.NY.US/FILES/1_2_1/PUBLIC%20ART%20WEBSITE/WEB%20PAGES/CHESTER%20KOWAL.HTML,E MEDAHOVICH,,201 CITY HALL,65 NIAGARA SQUARE,BUFFALO,14202,NY,42.886641,-78.879354,"(42.886641, -78.879354)"
MAYOR CONRAD DIEHL,PAINTINGS,PORTRAIT,OIL ON CANVAS,TRUE,HTTP://WWW.CI.BUFFALO.NY.US/FILES/1_2_1/PUBLIC%20ART%20WEBSITE/WEB%20PAGES/CONRAD%20DIEHL.HTML,G J  RUDOLPH,1/1/1900 0:00,201 CITY HALL,65 NIAGARA SQUARE,BUFFALO,14202,NY,42.886641,-78.879354,"(42.886641, -78.879354)"
MAYOR EBENEZER WALDEN,PAINTINGS,PORTRAIT,OIL ON CANVAS,TRUE,HTTP://WWW.CI.BUFFALO.NY.US/FILES/1_2_1/PUBLIC%20ART%20WEBSITE/WEB%20PAGES/EBENEZER%20WALDEN.HTML,UNKNOWN,,201 CITY HALL,65 NIAGARA SQUARE,BUFFALO,14202,NY,42.886641,-78.879354,"(42.886641, -78.879354)"
MAYOR EDGAR B JEWETT,PAINTINGS,PORTRAIT,OIL ON CANVAS,TRUE,HTTP://WWW.CI.BUFFALO.NY.US/FILES/1_2_1/PUBLIC%20ART%20WEBSITE/WEB%20PAGES/EDGAR%20JEWETT.HTML,RAPHAEL BECK,1/1/1989 0:00,201 CITY HALL,65 NIAGARA SQUARE,BUFFALO,14202,NY,42.886641,-78.879354,"(42.886641, -78.879354)"
MAYOR ERASTUS C KNIGHT,PAINTINGS,PORTRAIT,OIL ON CANVAS,TRUE,HTTP://WWW.CI.BUFFALO.NY.US/FILES/1_2_1/PUBLIC%20ART%20WEBSITE/WEB%20PAGES/ERASTUS%20KNIGHT.HTML,RAPHAEL BECK,,201 CITY HALL,65 NIAGARA SQUARE,BUFFALO,14202,NY,42.886641,-78.879354,"(42.886641, -78.879354)"
MAYOR FRANK A SEDITA,PAINTINGS,PORTRAIT,OIL ON CANVAS,TRUE,HTTP://WWW.CI.BUFFALO.NY.US/FILES/1_2_1/PUBLIC%20ART%20WEBSITE/WEB%20PAGES/FRANK%20SEDITA.HTML,GEORGE PALMER,1/1/1971 0:00,201 CITY HALL,65 NIAGARA SQUARE,BUFFALO,14202,NY,42.886641,-78.879354,"(42.886641, -78.879354)"
MAYOR GEORGE S BUCK,PAINTINGS,PORTRAIT,OIL ON CANVAS,TRUE,HTTP://WWW.CI.BUFFALO.NY.US/FILES/1_2_1/PUBLIC%20ART%20WEBSITE/WEB%20PAGES/GEORGE%20BUCK.HTML,GEZA KENDE,1/1/1922 0:00,201 CITY HALL,65 NIAGARA SQUARE,BUFFALO,14202,NY,42.886641,-78.879354,"(42.886641, -78.879354)"
MAYOR GEORGE W CLINTON,PAINTINGS,PORTRAIT,OIL ON CANVAS,TRUE,HTTP://WWW.CI.BUFFALO.NY.US/FILES/1_2_1/PUBLIC%20ART%20WEBSITE/WEB%20PAGES/GEORGE%20CLINTON.HTML,L G SELLSTEDT,01/01/1899 12:00:00 AM,201 CITY HALL,65 NIAGARA SQUARE,BUFFALO,14202,NY,42.886641,-78.879354,"(42.886641, -78.879354)"
MAYOR GEORGE J ZIMMERMAN,PHOTOGRAPHY,PORTRAIT,PHOTOGRAPHIC IMAGE,TRUE,HTTP://WWW.CI.BUFFALO.NY.US/FILES/1_2_1/PUBLIC%20ART%20WEBSITE/WEB%20PAGES/GEORGE%20ZIMMERMAN.HTML,UNKNOWN,,201 CITY HALL,65 NIAGARA SQUARE,BUFFALO,14202,NY,42.886641,-78.879354,"(42.886641, -78.879354)"
MAYOR GROVER CLEVELAND,PAINTINGS,PORTRAIT,OIL ON CANVAS,TRUE,HTTP://WWW.CI.BUFFALO.NY.US/FILES/1_2_1/PUBLIC%20ART%20WEBSITE/WEB%20PAGES/GROVER%20CLEVELAND.HTML,J C ROTHER,03/01/1886 12:00:00 AM,201 CITY HALL,65 NIAGARA SQUARE,BUFFALO,14202,NY,42.886641,-78.879354,"(42.886641, -78.879354)"
MAYOR MAJOR ANDRE ANDREWS,PAINTINGS,PORTRAIT,OIL ON CANVAS,TRUE,HTTP://WWW.CI.BUFFALO.NY.US/FILES/1_2_1/PUBLIC%20ART%20WEBSITE/WEB%20PAGES/ANDRE%20ANDREWS.HTML,H M LUQUIENS,3/1/1917 0:00,201 CITY HALL,65 NIAGARA SQUARE,BUFFALO,14202,NY,42.886641,-78.879354,"(42.886641, -78.879354)"
MAYOR HIRAM PRATT,PAINTINGS,PORTRAIT,OIL ON PANEL,TRUE,HTTP://WWW.CI.BUFFALO.NY.US/FILES/1_2_1/PUBLIC%20ART%20WEBSITE/WEB%20PAGES/HIRAM%20PRATT.HTML,UNKNOWN,,201 CITY HALL,65 NIAGARA SQUARE,BUFFALO,14202,NY,42.886641,-78.879354,"(42.886641, -78.879354)"
MAYOR JAMES N ADAM,PAINTINGS,PORTRAIT,OIL ON CANVAS,TRUE,HTTP://WWW.CI.BUFFALO.NY.US/FILES/1_2_1/PUBLIC%20ART%20WEBSITE/WEB%20PAGES/JAMES%20ADAM.HTML,UNKNOWN,,201 CITY HALL,65 NIAGARA SQUARE,BUFFALO,14202,NY,42.886641,-78.879354,"(42.886641, -78.879354)"
MAYOR JAMES D GRIFFIN,PAINTINGS,PORTRAIT,OIL ON CANVAS,TRUE,HTTP://WWW.CI.BUFFALO.NY.US/FILES/1_2_1/PUBLIC%20ART%20WEBSITE/WEB%20PAGES/JAMES%20GRIFFIN.HTML,MARY SMITH,1/1/1994 0:00,201 CITY HALL,65 NIAGARA SQUARE,BUFFALO,14202,NY,42.886641,-78.879354,"(42.886641, -78.879354)"
MAYOR JOHN B MANNING,PAINTINGS,PORTRAIT,OIL ON CANVAS,TRUE,HTTP://WWW.CI.BUFFALO.NY.US/FILES/1_2_1/PUBLIC%20ART%20WEBSITE/WEB%20PAGES/JOHN%20MANNING.HTML,J C ROTHER,01/01/1889 12:00:00 AM,201 CITY HALL,65 NIAGARA SQUARE,BUFFALO,14202,NY,42.886641,-78.879354,"(42.886641, -78.879354)"
MAYOR JOSEPH J KELLY,PHOTOGRAPHY,PORTRAIT,PHOTOGRAPHIC IMAGE,TRUE,HTTP://WWW.CI.BUFFALO.NY.US/FILES/1_2_1/PUBLIC%20ART%20WEBSITE/WEB%20PAGES/JOSEPH%20KELLY.HTML,UNKNOWN,,201 CITY HALL,65 NIAGARA SQUARE,BUFFALO,14202,NY,42.886641,-78.879354,"(42.886641, -78.879354)"
MAYOR JOSEPH MRUK,PAINTINGS,PORTRAIT,OIL ON CANVAS,TRUE,HTTP://WWW.CI.BUFFALO.NY.US/FILES/1_2_1/PUBLIC%20ART%20WEBSITE/WEB%20PAGES/JOSEPH%20MRUK.HTML,VIRGINIA TILLOU,,201 CITY HALL,65 NIAGARA SQUARE,BUFFALO,14202,NY,42.886641,-78.879354,"(42.886641, -78.879354)"
MAYOR LOUIS P FUHRMANN,PAINTINGS,PORTRAIT,OIL ON CANVAS,TRUE,HTTP://WWW.CI.BUFFALO.NY.US/FILES/1_2_1/PUBLIC%20ART%20WEBSITE/WEB%20PAGES/LOUIS%20FUHRMANN.HTML,OTTO H SCHNEIDER,1/1/1992 0:00,201 CITY HALL,65 NIAGARA SQUARE,BUFFALO,14202,NY,42.886641,-78.879354,"(42.886641, -78.879354)"
PRESIDENT MILLARD FILLMORE,PAINTINGS,PORTRAIT,OIL ON CANVAS,TRUE,HTTP://WWW.CI.BUFFALO.NY.US/FILES/1_2_1/PUBLIC%20ART%20WEBSITE/WEB%20PAGES/MILLARD%20FILLMORE.HTML,EDWARD REIGEL,1/1/1939 0:00,201 CITY HALL,65 NIAGARA SQUARE,BUFFALO,14202,NY,42.886641,-78.879354,"(42.886641, -78.879354)"
MAYOR PHILIP BECKER,PAINTINGS,PORTRAIT,OIL ON CANVAS,TRUE,HTTP://WWW.CI.BUFFALO.NY.US/FILES/1_2_1/PUBLIC%20ART%20WEBSITE/WEB%20PAGES/PHILIP%20BECKER.HTML,J P SELINGER,,201 CITY HALL,65 NIAGARA SQUARE,BUFFALO,14202,NY,42.886641,-78.879354,"(42.886641, -78.879354)"
CITY SEAL,DECORATIVE OBJECTS,PLAQUE,COPPER,FALSE,HTTP://WWW.CI.BUFFALO.NY.US/FILES/1_2_1/PUBLIC%20ART%20WEBSITE/WEB%20PAGES/SEAL%20OF%20THE%20CITY%20OF%20BUFFALO%20I.HTML,JAZEF SLAWIAFSKI,,201 CITY HALL,65 NIAGARA SQUARE,BUFFALO,14202,NY,42.886641,-78.879354,"(42.886641, -78.879354)"
MAYOR SHELDON THOMPSON,PAINTINGS,PORTRAIT,OIL ON CANVAS,TRUE,HTTP://WWW.CI.BUFFALO.NY.US/FILES/1_2_1/PUBLIC%20ART%20WEBSITE/WEB%20PAGES/SHELDON%20THOMPSON.HTML,UNKNOWN,,201 CITY HALL,65 NIAGARA SQUARE,BUFFALO,14202,NY,42.886641,-78.879354,"(42.886641, -78.879354)"
MAYOR SOLOMON G HAVEN,PAINTINGS,PORTRAIT,OIL ON CANVAS,TRUE,HTTP://WWW.CI.BUFFALO.NY.US/FILES/1_2_1/PUBLIC%20ART%20WEBSITE/WEB%20PAGES/SOLOMON%20HAVEN.HTML,L G SELLSTEDT,01/01/1899 12:00:00 AM,201 CITY HALL,65 NIAGARA SQUARE,BUFFALO,14202,NY,42.886641,-78.879354,"(42.886641, -78.879354)"
MAYOR SOLOMON SCHEU,PAINTINGS,PORTRAIT,OIL ON CANVAS,TRUE,HTTP://WWW.CI.BUFFALO.NY.US/FILES/1_2_1/PUBLIC%20ART%20WEBSITE/WEB%20PAGES/SOLOMON%20SCHEU.HTML,J C ROTHER,01/01/1889 12:00:00 AM,201 CITY HALL,65 NIAGARA SQUARE,BUFFALO,14202,NY,42.886641,-78.879354,"(42.886641, -78.879354)"
MAYOR STANLEY M MAKOWSKI,PAINTINGS,PORTRAIT,HAND COLORED PHOTOGRAPH,TRUE,HTTP://WWW.CI.BUFFALO.NY.US/FILES/1_2_1/PUBLIC%20ART%20WEBSITE/WEB%20PAGES/STANLEY%20MAKOWSKI.HTML,ETTORE WINTER,1/1/1978 0:00,201 CITY HALL,65 NIAGARA SQUARE,BUFFALO,14202,NY,42.886641,-78.879354,"(42.886641, -78.879354)"
MAYOR STEVEN PANKOW,PAINTINGS,PORTRAIT,OIL ON CANVAS,TRUE,HTTP://WWW.CI.BUFFALO.NY.US/FILES/1_2_1/PUBLIC%20ART%20WEBSITE/WEB%20PAGES/STEVEN%20PANKOW.HTML,TONY SISTI,1/1/1957 0:00,201 CITY HALL,65 NIAGARA SQUARE,BUFFALO,14202,NY,42.886641,-78.879354,"(42.886641, -78.879354)"
MAYOR WILLIAM G FARGO,PAINTINGS,PORTRAIT,OIL ON CANVAS,TRUE,HTTP://WWW.CI.BUFFALO.NY.US/FILES/1_2_1/PUBLIC%20ART%20WEBSITE/WEB%20PAGES/WILLIAM%20FARGO.HTML,UNKNOWN,,201 CITY HALL,65 NIAGARA SQUARE,BUFFALO,14202,NY,42.886641,-78.879354,"(42.886641, -78.879354)"
GRANDFATHER CLOCK,DECORATIVE OBJECTS,ANTIQUE CLOCK,MIXED MEDIA,FALSE,UNKNOWN,UNKNOWN,,226 CITY HALL,65 NIAGARA SQUARE,BUFFALO,14202,NY,42.886641,-78.879354,"(42.886641, -78.879354)"
CITY HALL TIME CAPSULE,DECORATIVE OBJECTS,TIME CAPSULE,MIXED MEDIA,FALSE,UNKNOWN,HADLEY EXHIBITS,,25TH FLOOR CITY HALL,65 NIAGARA SQUARE,BUFFALO,14202,NY,42.886641,-78.879354,"(42.886641, -78.879354)"
MAYOR ALEXANDER BRUSH,PAINTINGS,PORTRAIT,OIL ON CANVAS,TRUE,HTTP://WWW.CI.BUFFALO.NY.US/FILES/1_2_1/PUBLIC%20ART%20WEBSITE/WEB%20PAGES/ALEXANDER%20BRUSH.HTML,H I  MARLATT,,2ND FLOOR STORAGE CITY HALL,65 NIAGARA SQUARE,BUFFALO,14202,NY,42.886641,-78.879354,"(42.886641, -78.879354)"
MAYOR CHANDLER J WELLS,PAINTINGS,PORTRAIT,OIL ON CANVAS,TRUE,HTTP://WWW.CI.BUFFALO.NY.US/FILES/1_2_1/PUBLIC%20ART%20WEBSITE/WEB%20PAGES/CHANDLER%20WELLS.HTML,ALVAH BRADISH,,2ND FLOOR STORAGE CITY HALL,65 NIAGARA SQUARE,BUFFALO,14202,NY,42.886641,-78.879354,"(42.886641, -78.879354)"
MAYOR CHARLES F BISHOP,PAINTINGS,PORTRAIT,OIL ON CANVAS,TRUE,HTTP://WWW.CI.BUFFALO.NY.US/FILES/1_2_1/PUBLIC%20ART%20WEBSITE/WEB%20PAGES/CHARLES%20BISHOP.HTML,J P SELINGER,,2ND FLOOR STORAGE CITY HALL,65 NIAGARA SQUARE,BUFFALO,14202,NY,42.886641,-78.879354,"(42.886641, -78.879354)"
MAYOR ELBRIDGE G SPAULDING,PAINTINGS,PORTRAIT,OIL ON CANVAS,TRUE,HTTP://WWW.CI.BUFFALO.NY.US/FILES/1_2_1/PUBLIC%20ART%20WEBSITE/WEB%20PAGES/ELBRIDGE%20SPAULDING.HTML,L G SELLSTEDT,01/01/1876 12:00:00 AM,2ND FLOOR STORAGE CITY HALL,65 NIAGARA SQUARE,BUFFALO,14202,NY,42.886641,-78.879354,"(42.886641, -78.879354)"
MAYOR FRANKLIN A ALBERGER,PAINTINGS,PORTRAIT,OIL ON CANVAS,TRUE,HTTP://WWW.CI.BUFFALO.NY.US/FILES/1_2_1/PUBLIC%20ART%20WEBSITE/WEB%20PAGES/FRANKLIN%20ALBERGER.HTML,UNKNOWN,1/1/1900 0:00,2ND FLOOR STORAGE CITY HALL,65 NIAGARA SQUARE,BUFFALO,14202,NY,42.886641,-78.879354,"(42.886641, -78.879354)"
MAYOR HENRY K SMITH,PAINTINGS,PORTRAIT,OIL ON CANVAS,TRUE,HTTP://WWW.CI.BUFFALO.NY.US/FILES/1_2_1/PUBLIC%20ART%20WEBSITE/WEB%20PAGES/HENRY%20SMITH.HTML,UNKNOWN,,2ND FLOOR STORAGE CITY HALL,65 NIAGARA SQUARE,BUFFALO,14202,NY,42.886641,-78.879354,"(42.886641, -78.879354)"
MAYOR ISAAC R HARRINGTON,PAINTINGS,PORTRAIT,OIL ON CANVAS,TRUE,HTTP://WWW.CI.BUFFALO.NY.US/FILES/1_2_1/PUBLIC%20ART%20WEBSITE/WEB%20PAGES/ISAAC%20HARRINGTON.HTML,UNKNOWN,,2ND FLOOR STORAGE CITY HALL,65 NIAGARA SQUARE,BUFFALO,14202,NY,42.886641,-78.879354,"(42.886641, -78.879354)"
MAYOR JONATHAN SCOVILLE,PAINTINGS,PORTRAIT,OIL ON CANVAS,TRUE,HTTP://WWW.CI.BUFFALO.NY.US/FILES/1_2_1/PUBLIC%20ART%20WEBSITE/WEB%20PAGES/JONATHON%20SCOVILLE.HTML,STANLEY G HARTE,01/01/1893 12:00:00 AM,2ND FLOOR STORAGE CITY HALL,65 NIAGARA SQUARE,BUFFALO,14202,NY,42.886641,-78.879354,"(42.886641, -78.879354)"
MAYOR LOUIS P DAYTON,PAINTINGS,PORTRAIT,OIL ON CANVAS,TRUE,HTTP://WWW.CI.BUFFALO.NY.US/FILES/1_2_1/PUBLIC%20ART%20WEBSITE/WEB%20PAGES/LOUIS%20DAYTON.HTML,L G SELLSTEDT,01/01/1882 12:00:00 AM,2ND FLOOR STORAGE CITY HALL,65 NIAGARA SQUARE,BUFFALO,14202,NY,42.886641,-78.879354,"(42.886641, -78.879354)"
MAYOR THOMAS L HOLLING,PAINTINGS,PORTRAIT,OIL ON CANVAS,TRUE,HTTP://WWW.CI.BUFFALO.NY.US/FILES/1_2_1/PUBLIC%20ART%20WEBSITE/WEB%20PAGES/THOMAS%20HOLLING.HTML,B GORDON,,2ND FLOOR STORAGE CITY HALL,65 NIAGARA SQUARE,BUFFALO,14202,NY,42.886641,-78.879354,"(42.886641, -78.879354)"
MAYOR TIMOTHY T LOCKWOOD,PAINTINGS,PORTRAIT,OIL ON CANVAS,TRUE,HTTP://WWW.CI.BUFFALO.NY.US/FILES/1_2_1/PUBLIC%20ART%20WEBSITE/WEB%20PAGES/TIMOTHY%20LOCKWOOD.HTML,EDWARD D FUER,,2ND FLOOR STORAGE CITY HALL,65 NIAGARA SQUARE,BUFFALO,14202,NY,42.886641,-78.879354,"(42.886641, -78.879354)"
PHOTO OF DOWNTOWN,PHOTOGRAPHY,LANDSCAPE,MIXED MEDIA,TRUE,UNKNOWN,UNKNOWN,1/1/1932 0:00,304 CITY HALL,65 NIAGARA SQUARE,BUFFALO,14202,NY,42.886641,-78.879354,"(42.886641, -78.879354)"
ANDREW ADAMS,PAINTINGS,PORTRAIT,OIL ON CANVAS,TRUE,UNKNOWN,UNKNOWN,,321 CITY HALL,65 NIAGARA SQUARE,BUFFALO,14202,NY,42.886641,-78.879354,"(42.886641, -78.879354)"
ANTIQUE CLOCK,DECORATIVE OBJECTS,ANTIQUE CLOCK,MIXED MEDIA,FALSE,UNKNOWN,UNKNOWN,,502 CITY HALL,65 NIAGARA SQUARE,BUFFALO,14202,NY,42.886641,-78.879354,"(42.886641, -78.879354)"
BUFFALO CITY HALL,PHOTOGRAPHY,LANDSCAPE,PHOTOGRAPHIC IMAGE,TRUE,UNKNOWN,UNKNOWN,,502 CITY HALL,65 NIAGARA SQUARE,BUFFALO,14202,NY,42.886641,-78.879354,"(42.886641, -78.879354)"
BAROMETER,DECORATIVE OBJECTS,BAROMETER,WOOD AND GLASS,FALSE,UNKNOWN,J HULLEMERURCH,,502 CITY HALL,65 NIAGARA SQUARE,BUFFALO,14202,NY,42.886641,-78.879354,"(42.886641, -78.879354)"
SURVEY RULER,DECORATIVE OBJECTS,ANTIQUE TOOL,WOOD,FALSE,UNKNOWN,UNKNOWN,,502 CITY HALL,65 NIAGARA SQUARE,BUFFALO,14202,NY,42.886641,-78.879354,"(42.886641, -78.879354)"
HENRY J NOWAK,DECORATIVE OBJECTS,PLAQUE,BRONZE AND CONCRETE,FALSE,HTTP://WWW.CITY-BUFFALO.COM/FILES/1_2_1/PUBLIC%20ART%20WEBSITE/WEB%20PAGES/HENRY%20J.%20NOWAK%20PLAQUE.HTML,UNKNOWN,,BRODERICK PARK,1170 NIAGARA ST,BUFFALO,14213,NY,42.915204,-78.902972,"(42.915204, -78.902972)"
COUNCIL PRESIDENT WILLIAM P FISHER,PAINTINGS,PORTRAIT,OIL ON CANVAS,TRUE,HTTP://WWW.CI.BUFFALO.NY.US/FILES/1_2_1/PUBLIC%20ART%20WEBSITE/WEB%20PAGES/WILLIAM%20FISHER.HTML,CHARLES ODDO,1/1/1944 0:00,COUNCIL CHAMBER CITY HALL,65 NIAGARA SQUARE,BUFFALO,14202,NY,42.886641,-78.879354,"(42.886641, -78.879354)"
CORONATION DAY,SCULPTURE,ABSTRACT,CHROME AND STEEL,FALSE,HTTP://WWW.CITY-BUFFALO.COM/FILES/1_2_1/PUBLIC%20ART%20WEBSITE/WEB%20PAGES/CORONATION%20DAY.HTML,KENNETH SNELSON,4/1/1980 0:00,BUFFALO CITY COURT BUILDING,50 DELAWARE AVE,BUFFALO,14202,NY,42.885709,-78.87959,"(42.885709, -78.87959)"
SESQUICENTENNIAL TIME CAPSULE,DECORATIVE OBJECTS,TIME CAPSULE,MIXED MEDIA IN GRANITE,FALSE,HTTP://WWW.CITY-BUFFALO.COM/FILES/1_2_1/PUBLIC%20ART%20WEBSITE/WEB%20PAGES/SESQUICENTENNIAL%20TIME%20CAPSULE.HTML,UNKNOWN,1/1/1982 0:00,BUFFALO CITY COURT BUILDING,50 DELAWARE AVE,BUFFALO,14202,NY,42.885709,-78.87959,"(42.885709, -78.87959)"
FIREMAN'S MONUMENT,SCULPTURE,FIGURATIVE,WHITE MARBLE,FALSE,HTTP://WWW.CITY-BUFFALO.COM/FILES/1_2_1/PUBLIC%20ART%20WEBSITE/WEB%20PAGES/FIREMAN'S%20MONUMENT.HTML,WILLIAM LAUTZ,11/02/1870 12:00:00 AM,BUFFALO FIRE STATION HEADQUARTERS,195 COURT ST,BUFFALO,14202,NY,42.887398,-78.880849,"(42.887398, -78.880849)"
BUFFALO AND ERIE COUNTY HISTORICAL SOCIETY DOORS,DECORATIVE OBJECTS,DOORS,BRONZE,FALSE,HTTP://WWW.CI.BUFFALO.NY.US/FILES/1_2_1/PUBLIC%20ART%20WEBSITE/WEB%20PAGES/HISTORICAL%20SOCIETY%20DOORS.HTML,R CLINTON PERRY,1/1/1901 0:00,BUFFALO HISTORY MUSEUM,1 MUSEUM COURT,BUFFALO,14216,NY,42.935415,-78.87627,"(42.935415, -78.87627)"
13TH REGIMENT US INFANTRY,DECORATIVE OBJECTS,PLAQUE,BRONZE ON BOULDER,FALSE,HTTP://WWW.CITY-BUFFALO.COM/FILES/1_2_1/PUBLIC%20ART%20WEBSITE/WEB%20PAGES/13TH%20REGIMENT%20US%20INFANTRY.HTML,UNKNOWN,01/01/1899 12:00:00 AM,BUFFALO HISTORY MUSEUM,1 MUSEUM COURT,BUFFALO,14216,NY,42.935415,-78.87627,"(42.935415, -78.87627)"
CENTAUR,SCULPTURE,FIGURATIVE,BRONZE,FALSE,HTTP://WWW.CITY-BUFFALO.COM/FILES/1_2_1/PUBLIC%20ART%20WEBSITE/WEB%20PAGES/CENTAUR.HTML,CHARLES CARY RUMSEY,1/1/1953 0:00,BUFFALO HISTORY MUSEUM,1 MUSEUM COURT,BUFFALO,14216,NY,42.935415,-78.87627,"(42.935415, -78.87627)"
GEORGE WASHINGTON,DECORATIVE OBJECTS,PLAQUE,BRONZE ON BOULDER,FALSE,HTTP://WWW.CITY-BUFFALO.COM/FILES/1_2_1/PUBLIC%20ART%20WEBSITE/WEB%20PAGES/GEORGE%20WASHINGTON%20TREE%20PLAQUE.HTML,UNKNOWN,1/1/1932 0:00,BUFFALO HISTORY MUSEUM,1 MUSEUM COURT,BUFFALO,14216,NY,42.935415,-78.87627,"(42.935415, -78.87627)"
"LINCOLN, THE EMANCIPATOR",SCULPTURE,FIGURATIVE,BRONZE,FALSE,HTTP://WWW.CITY-BUFFALO.COM/FILES/1_2_1/PUBLIC%20ART%20WEBSITE/WEB%20PAGES/LINCOLN%20THE%20EMANCIPATOR.HTML,CHARLES H NIEHAUS,9/30/1902 0:00,BUFFALO HISTORY MUSEUM,1 MUSEUM COURT,BUFFALO,14216,NY,42.935415,-78.87627,"(42.935415, -78.87627)"
POLICE MEMORIAL,SCULPTURE,FOUNTAIN,GRANITE AND CONCRETE,FALSE,HTTP://WWW.CITY-BUFFALO.COM/FILES/1_2_1/PUBLIC%20ART%20WEBSITE/WEB%20PAGES/POLICE%20MEMORIAL.HTML,PETER CASTLE,5/13/1991 0:00,BUFFALO POLICE DEPARTMENT,FRANKLIN ST,BUFFALO,14202,NY,42.882484,-78.878047,"(42.882484, -78.878047)"
CHRISTOPHER COLUMBUS,SCULPTURE,FIGURATIVE,BRONZE,FALSE,HTTP://WWW.CITY-BUFFALO.COM/FILES/1_2_1/PUBLIC%20ART%20WEBSITE/WEB%20PAGES/COLUMBUS.HTML,UNKNOWN,,COLUMBUS PARK,645 NIAGARA ST,BUFFALO,14201,NY,42.901121,-78.89306,"(42.901121, -78.89306)"
BRONZE TILE PROJECT,DECORATIVE OBJECTS,PLAQUES,BRONZE,FALSE,HTTP://WWW.CI.BUFFALO.NY.US/FILES/1_2_1/PUBLIC%20ART%20WEBSITE/WEB%20PAGES/BENNET-MONTESSORI.HTML,ROBERLEY BELL AND BENNETT HIGH MONTESSORI CENTER STUDENTS,5/1/1992 0:00,CATHEDRAL PARK,ERIE STREET,BUFFALO,14202,NY,42.882593,-78.876057,"(42.882593, -78.876057)"
CAZENOVIA PARK FIREMEN'S MEMORIAL,SCULPTURE,FIGURATIVE,GRANITE,FALSE,HTTP://WWW.CITY-BUFFALO.COM/FILES/1_2_1/PUBLIC%20ART%20WEBSITE/WEB%20PAGES/CAZENOVIA%20PARK%20FIREMEN'S%20MEMORIAL.HTML,UNKNOWN,,CAZENOVIA PARK,REDJACKET PKWY,BUFFALO,14220,NY,42.846737,-78.810073,"(42.846737, -78.810073)"
FRANK CALLAHAN MEMORIAL,SCULPTURE,FIGURATIVE,COR-TEN STEEL AND BRONZE,FALSE,HTTP://WWW.CITY-BUFFALO.COM/FILES/1_2_1/PUBLIC%20ART%20WEBSITE/WEB%20PAGES/FRANK%20CALLAHAN%20MEMORIAL.HTML,UNKNOWN,,CAZENOVIA PARK,CAZENOVIA ST,BUFFALO,14220,NY,42.846737,-78.810073,"(42.846737, -78.810073)"
CITY HALL FRIEZE EAST,SCULPTURE,RELIEF,STONE,FALSE,HTTP://WWW.CITY-BUFFALO.COM/FILES/1_2_1/PUBLIC%20ART%20WEBSITE/WEB%20PAGES/CITY%20HALL%20FRIEZE%20EAST.HTML,ALBERT STEWART,1/1/1931 0:00,CITY HALL,65 NIAGARA SQUARE,BUFFALO,14202,NY,42.886641,-78.879354,"(42.886641, -78.879354)"
CITY HALL FRIEZE WEST,SCULPTURE,RELIEF,STONE,FALSE,HTTP://WWW.CITY-BUFFALO.COM/FILES/1_2_1/PUBLIC%20ART%20WEBSITE/WEB%20PAGES/CITY%20HALL%20FRIEZE%20WEST.HTML,ALBERT STEWART,1/1/1931 0:00,CITY HALL,65 NIAGARA SQUARE,BUFFALO,14202,NY,42.886641,-78.879354,"(42.886641, -78.879354)"
MAYOR JAMES D GRIFFIN,DECORATIVE OBJECTS,PLAQUE,BRONZE,FALSE,UNKNOWN,PAUL ZINTER,,COCA-COLA FIELD,1 JAMES D GRIFFIN PLAZA,BUFFALO,14203,NY,42.881297,-78.873975,"(42.881297, -78.873975)"
GENERAL DANIEL DAVIDSON BIDWELL,SCULPTURE,FIGURITIVE,BRONZE,FALSE,HTTP://WWW.CITY-BUFFALO.COM/FILES/1_2_1/PUBLIC%20ART%20WEBSITE/WEB%20PAGES/BIDWELL.HTML,SAHL SWARZ,10/19/1924 0:00,COLONIAL CIRCLE,BIDWELL PKWY,BUFFALO,14222,NY,42.920769,-78.881047,"(42.920769, -78.881047)"
WAR  MEMORIAL STADIUM RENDERING,GRAPHIC ART,DRAWING,PAPER,FALSE,UNKNOWN,UNKNOWN,,6TH FLOOR CITY HALL,65 NIAGARA SQUARE,BUFFALO,14202,NY,42.886641,-78.879354,"(42.886641, -78.879354)"
COUNCIL PRESIDENT CHESTER C GORSKI,PAINTINGS,PORTRAIT,OIL ON MASONITE,TRUE,HTTP://WWW.CI.BUFFALO.NY.US/FILES/1_2_1/PUBLIC%20ART%20WEBSITE/WEB%20PAGES/CHESTER%20GORSKI.HTML,W GARVER,1/1/1974 0:00,COUNCIL CHAMBER CITY HALL,65 NIAGARA SQUARE,BUFFALO,14202,NY,42.886641,-78.879354,"(42.886641, -78.879354)"
COUNCIL PRESIDENT DELMAR MITCHELL,PAINTINGS,PORTRAIT,OIL ON CANVAS,TRUE,HTTP://WWW.CI.BUFFALO.NY.US/FILES/1_2_1/PUBLIC%20ART%20WEBSITE/WEB%20PAGES/DELMAR%20MITCHELL.HTML,JOAN HARASTY,1/1/1985 0:00,COUNCIL CHAMBER CITY HALL,65 NIAGARA SQUARE,BUFFALO,14202,NY,42.886641,-78.879354,"(42.886641, -78.879354)"
COUNCIL PRESIDENT ELMER J LUX,PAINTINGS,PORTRAIT,OIL ON CANVAS,TRUE,HTTP://WWW.CI.BUFFALO.NY.US/FILES/1_2_1/PUBLIC%20ART%20WEBSITE/WEB%20PAGES/ELMER%20LUX.HTML,TONY SISTI,1/1/1956 0:00,COUNCIL CHAMBER CITY HALL,65 NIAGARA SQUARE,BUFFALO,14202,NY,42.886641,-78.879354,"(42.886641, -78.879354)"
COUNCIL PRESIDENT FRANK C PERKINS,PAINTINGS,PORTRAIT,OIL ON CANVAS ON PANEL,TRUE,HTTP://WWW.CI.BUFFALO.NY.US/FILES/1_2_1/PUBLIC%20ART%20WEBSITE/WEB%20PAGES/FRANK%20PERKINS.HTML,J C MAZUR,1/1/1933 0:00,COUNCIL CHAMBER CITY HALL,65 NIAGARA SQUARE,BUFFALO,14202,NY,42.886641,-78.879354,"(42.886641, -78.879354)"
COUNCIL PRESIDENT GEORGE K ARTHUR,PAINTINGS,PORTRAIT,OIL ON CANVAS,TRUE,HTTP://WWW.CI.BUFFALO.NY.US/FILES/1_2_1/PUBLIC%20ART%20WEBSITE/WEB%20PAGES/GEORGE%20ARTHUR.HTML,GEORGE PALMER,,COUNCIL CHAMBER CITY HALL,65 NIAGARA SQUARE,BUFFALO,14202,NY,42.886641,-78.879354,"(42.886641, -78.879354)"
COUNCIL PRESIDENT GEORGE W WANAMAKER,PAINTINGS,PORTRAIT,OIL ON CANVAS,TRUE,HTTP://WWW.CI.BUFFALO.NY.US/FILES/1_2_1/PUBLIC%20ART%20WEBSITE/WEB%20PAGES/GEORGE%20WANAMAKER.HTML,EDWARD REIGEL,1/1/1940 0:00,COUNCIL CHAMBER CITY HALL,65 NIAGARA SQUARE,BUFFALO,14202,NY,42.886641,-78.879354,"(42.886641, -78.879354)"
COUNCIL PRESIDENT HENRY F JERGE,PAINTINGS,PORTRAIT,OIL ON CANVAS ON PANEL,TRUE,HTTP://WWW.CI.BUFFALO.NY.US/FILES/1_2_1/PUBLIC%20ART%20WEBSITE/WEB%20PAGES/HENRY%20JERGE.HTML,J C MAZUR,,COUNCIL CHAMBER CITY HALL,65 NIAGARA SQUARE,BUFFALO,14202,NY,42.886641,-78.879354,"(42.886641, -78.879354)"
COUNCIL PRESIDENT JOHN A ULINSKI,PAINTINGS,PORTRAIT,OIL ON CANVAS,TRUE,HTTP://WWW.CI.BUFFALO.NY.US/FILES/1_2_1/PUBLIC%20ART%20WEBSITE/WEB%20PAGES/JOHN%20ULINSKI.HTML,EDWARD REIGEL,,COUNCIL CHAMBER CITY HALL,65 NIAGARA SQUARE,BUFFALO,14202,NY,42.886641,-78.879354,"(42.886641, -78.879354)"
COUNCIL PRESIDENT KNEELAND B WILKES,PAINTINGS,PORTRAIT,OIL ON CANVAS,TRUE,HTTP://WWW.CI.BUFFALO.NY.US/FILES/1_2_1/PUBLIC%20ART%20WEBSITE/WEB%20PAGES/KNEELAND%20WILKES.HTML,J C MAZUR,,COUNCIL CHAMBER CITY HALL,65 NIAGARA SQUARE,BUFFALO,14202,NY,42.886641,-78.879354,"(42.886641, -78.879354)"
COUNCIL PRESIDENT PETER J CROTTY,PAINTINGS,PORTRAIT,OIL ON CANVAS,TRUE,HTTP://WWW.CI.BUFFALO.NY.US/FILES/1_2_1/PUBLIC%20ART%20WEBSITE/WEB%20PAGES/PETER%20CROTTY.HTML,VIRGINIA TILLOU,,COUNCIL CHAMBER CITY HALL,65 NIAGARA SQUARE,BUFFALO,14202,NY,42.886641,-78.879354,"(42.886641, -78.879354)"
COUNCIL PRESIDENT WILLIAM M EBERHARDT,PAINTINGS,PORTRAIT,OIL ON CANVAS,TRUE,HTTP://WWW.CI.BUFFALO.NY.US/FILES/1_2_1/PUBLIC%20ART%20WEBSITE/WEB%20PAGES/WILLIAM%20EBERHARDT.HTML,EDWARD REIGEL,1/1/1940 0:00,COUNCIL CHAMBER CITY HALL,65 NIAGARA SQUARE,BUFFALO,14202,NY,42.886641,-78.879354,"(42.886641, -78.879354)"
OLDEST TREE IN BUFFALO COMMEMORATIVE PLAQUE,DECORATIVE OBJECTS,PLAQUE,BRONZE,FALSE,UNKNOWN,UNKNOWN,1/1/1960 0:00,STREET TREE LAWN,FRANKLIN ST & EDWARD STREET,BUFFALO,14202,NY,42.895687,-78.873701,"(42.895687, -78.873701)"
COUNCIL PRESIDENT WILLIAM B LAWLESS,PHOTOGRAPHY,PORTRAIT,HAND COLORED PHOTOGRAPH,TRUE,HTTP://WWW.CI.BUFFALO.NY.US/FILES/1_2_1/PUBLIC%20ART%20WEBSITE/WEB%20PAGES/WILLIAM%20LAWLESS.HTML,SCHALK,,COUNCIL CHAMBER CITY HALL,65 NIAGARA SQUARE,BUFFALO,14202,NY,42.886641,-78.879354,"(42.886641, -78.879354)"
DAYS PARK FOUNTAIN,DECORATIVE OBJECTS,FOUNTAIN,METAL AND CONCRETE,FALSE,HTTP://WWW.CI.BUFFALO.NY.US/FILES/1_2_1/PUBLIC%20ART%20WEBSITE/WEB%20PAGES/DAYS%20PARK%20FOUNTAIN.HTML,UNKNOWN,,DAYS PARK,DAYS PARK,BUFFALO,14201,NY,42.898328,-78.881986,"(42.898328, -78.881986)"
MCMILLAN FOUNTAIN,DECORATIVE OBJECTS,FOUNTAIN,GRANITE,FALSE,HTTP://WWW.CI.BUFFALO.NY.US/FILES/1_2_1/PUBLIC%20ART%20WEBSITE/WEB%20PAGES/MCMILLAN%20FOUNTAIN.HTML,UNKNOWN,9/12/1905 0:00,DELAWARE PARK,MEADOW DRIVE,BUFFALO,14216,NY,42.933718,-78.872928,"(42.933718, -78.872928)"
JOHNSON PARK,DECORATIVE OBJECTS,PLAQUE,BRONZE,FALSE,HTTP://WWW.CITY-BUFFALO.COM/FILES/1_2_1/PUBLIC%20ART%20WEBSITE/WEB%20PAGES/JOHNSON%20PARK%20PLAQUE.HTML,UNKNOWN,,JOHNSON PARK,JOHNSON PARK,BUFFALO,14201,NY,42.892726,-78.878924,"(42.892726, -78.878924)"
THE THREE GRACES,SCULPTURE,FIGURATIVE,BRONZE,FALSE,HTTP://WWW.CITY-BUFFALO.COM/FILES/1_2_1/PUBLIC%20ART%20WEBSITE/WEB%20PAGES/THREE%20GRACES.HTML,CHARLES CARY RUMSEY,1/1/1987 0:00,FOREST LAWN CEMETERY,1411 DELAWARE AVE,BUFFALO,14209,NY,42.926944,-78.861172,"(42.926944, -78.861172)"
DELAWARE PARK PLAQUE I,DECORATIVE OBJECTS,PLAQUE,BRONZE,FALSE,HTTP://WWW.CITY-BUFFALO.COM/FILES/1_2_1/PUBLIC%20ART%20WEBSITE/WEB%20PAGES/DELAWARE%20PARK%20I.HTML,UNKNOWN,,DELAWARE PARK,MEADOW DRIVE,BUFFALO,14216,NY,42.933451,-78.869458,"(42.933451, -78.869458)"
DELAWARE PARK PLAQUE II,DECORATIVE OBJECTS,PLAQUE,BRONZE,FALSE,HTTP://WWW.CITY-BUFFALO.COM/FILES/1_2_1/PUBLIC%20ART%20WEBSITE/WEB%20PAGES/DELAWARE%20PARK%20PLAQUE%20II.HTML,UNKNOWN,,DELAWARE PARK,MEADOW DRIVE,BUFFALO,14216,NY,42.933451,-78.869458,"(42.933451, -78.869458)"
GEORGE W MALTBY MEMORIAL,DECORATIVE OBJECTS,PLAQUE,BRONZE,FALSE,HTTP://WWW.CITY-BUFFALO.COM/FILES/1_2_1/PUBLIC%20ART%20WEBSITE/WEB%20PAGES/GEORGE%20W.%20MALTBY%20MEMORIAL.HTML,UNKNOWN,1/1/1925 0:00,DELAWARE PARK,199 LINCOLN PKWY,BUFFALO,14209,NY,42.931635,-78.873736,"(42.931635, -78.873736)"
INDIAN HUNTER,SCULPTURE,FIGURATIVE,BRONZE,FALSE,HTTP://WWW.CITY-BUFFALO.COM/FILES/1_2_1/PUBLIC%20ART%20WEBSITE/WEB%20PAGES/INDIAN%20HUNTER.HTML,JOHN QUINCY ADAMS WARD,1/1/1966 0:00,DELAWARE PARK,MEADOW DRIVE,BUFFALO,14209,NY,42.933414,-78.855218,"(42.933414, -78.855218)"
SPIRIT OF WOMANHOOD,SCULPTURE,FIGURATIVE,BRONZE,FALSE,HTTP://WWW.CITY-BUFFALO.COM/FILES/1_2_1/PUBLIC%20ART%20WEBSITE/WEB%20PAGES/SPIRIT%20OF%20WOMANHOOD.HTML,LARRY W GRIFFIS JR,12/1/1962 0:00,DELAWARE PARK,MEADOW DRIVE,BUFFALO,14216,NY,42.935624,-78.875722,"(42.935624, -78.875722)"
YOUNG LINCOLN,SCULPTURE,FIGURATIVE,BRONZE,FALSE,HTTP://WWW.CITY-BUFFALO.COM/FILES/1_2_1/PUBLIC%20ART%20WEBSITE/WEB%20PAGES/YOUNG%20LINCOLN.HTML,BRYANT BAKER,1/1/1935 0:00,DELAWARE PARK,199 LINCOLN PKWY,BUFFALO,14209,NY,42.931635,-78.873736,"(42.931635, -78.873736)"
CHESTER C GORSKI,DECORATIVE OBJECTS,PLAQUE,BRONZE,FALSE,HTTP://WWW.CITY-BUFFALO.COM/FILES/1_2_1/PUBLIC%20ART%20WEBSITE/WEB%20PAGES/CHESTER%20GORSKI%20PLAQUE.HTML,UNKNOWN,,ERIE BASIN MARINA,329 ERIE ST,BUFFALO,14202,NY,42.884454,-78.890315,"(42.884454, -78.890315)"
JOAN FUZAK,DECORATIVE OBJECTS,PLAQUE,BRONZE,FALSE,HTTP://WWW.CITY-BUFFALO.COM/FILES/1_2_1/PUBLIC%20ART%20WEBSITE/WEB%20PAGES/JOAN%20FUZAK%20PLAQUE.HTML,UNKNOWN,,ERIE BASIN MARINA,329 ERIE ST,BUFFALO,14202,NY,42.884454,-78.890315,"(42.884454, -78.890315)"
JOHN MAYNARD,DECORATIVE OBJECTS,PLAQUE,BRONZE,FALSE,HTTP://WWW.CITY-BUFFALO.COM/FILES/1_2_1/PUBLIC%20ART%20WEBSITE/WEB%20PAGES/JOHN%20MAYNARD%20PLAQUE.HTML,ERICA L DODRES AND JEFF SLOMBA,9/27/1997 0:00,ERIE BASIN MARINA,330 ERIE ST,BUFFALO,14202,NY,42.884454,-78.890315,"(42.884454, -78.890315)"
LAKE ERIE,DECORATIVE OBJECTS,PLAQUE,GRANITE,FALSE,HTTP://WWW.CITY-BUFFALO.COM/FILES/1_2_1/PUBLIC%20ART%20WEBSITE/WEB%20PAGES/LAKE%20ERIE%20PLAQUE.HTML,LINCOLN MEMORIALS,9/5/1991 0:00,ERIE BASIN MARINA,329 ERIE ST,BUFFALO,14202,NY,42.884454,-78.890315,"(42.884454, -78.890315)"
FIREMAN'S FOUNTAIN,DECORATIVE OBJECTS,FOUNTAIN,GRANITE  AND MIXED MEDIA,FALSE,UNKNOWN,UNKNOWN,,FIREMAN'S PARK,S DIVISION ST,BUFFALO,14203,NY,42.882788,-78.873695,"(42.882788, -78.873695)"
BISON,SCULPTURE,FIGURATIVE,BRONZE,FALSE,HTTP://WWW.CITY-BUFFALO.COM/FILES/1_2_1/PUBLIC%20ART%20WEBSITE/WEB%20PAGES/BISON.HTML,CECILIA EVANS TAYLOR,1/1/1975 0:00,FIVE FLAGS PARK,S DIVISION ST,BUFFALO,14203,NY,42.883027,-78.874999,"(42.883027, -78.874999)"
GENERAL KAZIMIER PULASKI,SCULPTURE,FIGURATIVE,BRONZE,FALSE,HTTP://WWW.CITY-BUFFALO.COM/FILES/1_2_1/PUBLIC%20ART%20WEBSITE/WEB%20PAGES/GENERAL%20KAZIMIER%20PULASKI.HTML,KAZIMIERZ DANILEWICZ,1/1/1979 0:00,FIVE FLAGS PARK,S DIVISION ST,BUFFALO,14203,NY,42.883027,-78.874999,"(42.883027, -78.874999)"
ZONING MAPS,GRAPHIC ART,MAP,PAPER,FALSE,UNKNOWN,UNKNOWN,1/1/1951 0:00,304 CITY HALL,65 NIAGARA SQUARE,BUFFALO,14202,NY,42.886641,-78.879354,"(42.886641, -78.879354)"
GIUSEPPE VERDI (ORIGINAL),SCULPTURE,BUST,BRONZE,FALSE,HTTP://WWW.CI.BUFFALO.NY.US/FILES/1_2_1/PUBLIC%20ART%20WEBSITE/WEB%20PAGES/VERDI%20ORIGINAL.HTML,A DECIANNO AND ANTONIO UGO,,FOREST LAWN CEMETERY,1411 DELAWARE AVE,BUFFALO,14209,NY,42.926959,-78.861236,"(42.926959, -78.861236)"
CHIEF RED JACKET,SCULPTURE,FIGURATIVE,BRONZE,FALSE,HTTP://WWW.CITY-BUFFALO.COM/FILES/1_2_1/PUBLIC%20ART%20WEBSITE/WEB%20PAGES/RED%20JACKET.HTML,BUREAU BROTHERS,01/01/1890 12:00:00 AM,FOREST LAWN CEMETERY,1411 DELAWARE AVE,BUFFALO,14209,NY,42.926944,-78.861172,"(42.926944, -78.861172)"
EMPIRE STATE GAMES TRIBUTE MEMORIAL,SCULPTURE,RELIEF,STONE,FALSE,HTTP://WWW.CITY-BUFFALO.COM/FILES/1_2_1/PUBLIC%20ART%20WEBSITE/WEB%20PAGES/EMPIRE%20STATE%20GAMES%20TRIBUTE.HTML,UNKNOWN,,JIMMY GRIFFIN PLAZA,SWAN ST & WASHINGTON ST,BUFFALO,14203,NY,42.879913,-78.876115,"(42.879913, -78.876115)"
HISTORIC BLUE PRINTS,GRAPHIC ART,BLUE PRINTS,PAPER,FALSE,UNKNOWN,UNKNOWN,,1308 CITY HALL,65 NIAGARA SQUARE,BUFFALO,14202,NY,42.886641,-78.879354,"(42.886641, -78.879354)"
KEEPERS OF THE WESTERN DOOR,DECORATIVE OBJECTS,PLAQUE,BRONZE AND LIMESTONE,FALSE,HTTP://WWW.CITY-BUFFALO.COM/FILES/1_2_1/PUBLIC%20ART%20WEBSITE/WEB%20PAGES/KEEPERS%20OF%20THE%20WESTERN%20DOOR.HTML,KENNETH PAYNE,1/1/1995 0:00,ERIE BASIN MARINA,329 ERIE ST,BUFFALO,14202,NY,42.884454,-78.890315,"(42.884454, -78.890315)"
GATES CIRCLE LAMP STANDS,DECORATIVE OBJECTS,LAMP,BRONZE,FALSE,HTTP://WWW.CI.BUFFALO.NY.US/FILES/1_2_1/PUBLIC%20ART%20WEBSITE/WEB%20PAGES/GATES%20CIRCLE%20LAMP%20STANDS.HTML,UNKNOWN,,GATES CIRCLE,DELAWARE AVE & LAFAYETTE AVE,BUFFALO,14209,NY,42.920335,-78.868002,"(42.920335, -78.868002)"
GATES CIRCLE URNS,DECORATIVE OBJECTS,URN,BRONZE,FALSE,HTTP://WWW.CI.BUFFALO.NY.US/FILES/1_2_1/PUBLIC%20ART%20WEBSITE/WEB%20PAGES/GATES%20CIRCLE%20URNS.HTML,UNKNOWN,,GATES CIRCLE,DELAWARE AVE & LAFAYETTE AVE,BUFFALO,14209,NY,42.920335,-78.868002,"(42.920335, -78.868002)"
100TH VOLUNTEER INFANTRY CIVIL WAR MEMORIAL,DECORATIVE OBJECTS,PLAQUE,BRONZE,FALSE,HTTP://WWW.CITY-BUFFALO.COM/FILES/1_2_1/PUBLIC%20ART%20WEBSITE/WEB%20PAGES/100TH%20NY%20VOLUNTEER%20INFANTRY%20CIVIL%20WAR%20MEMORIAL.HTML,UNKNOWN,3/1/1916 0:00,FRONT PARK,BUSTI AVE,BUFFALO,14213,NY,42.902176,-78.89826,"(42.902176, -78.89826)"
EAST LOVEJOY COMMUNITY WAR MEMORIAL,SCULPTURE,RELIEF,GRANITE,FALSE,HTTP://WWW.CITY-BUFFALO.COM/FILES/1_2_1/PUBLIC%20ART%20WEBSITE/WEB%20PAGES/EAST%20LOVEJOY%20COMMUNITY%20WAR%20MEMORIAL.HTML,UNKNOWN,11/14/1920 0:00,HENNEPIN PARK,BAILEY AVE,BUFFALO,14206,NY,42.887628,-78.813951,"(42.887628, -78.813951)"
9/11 MEMORIAL,SCULPTURE,RELIEF,GRANITE,FALSE,HTTP://WWW.CITY-BUFFALO.COM/FILES/1_2_1/PUBLIC%20ART%20WEBSITE/WEB%20PAGES/9-11-01%20MEMORIAL.HTML,LEON KOMM AND SON MONUMENT COMPANY,9/13/2003 0:00,HOUGHTON-STACHOWSKI PARK,CLINTON ST,BUFFALO,14206,NY,42.871691,-78.813918,"(42.871691, -78.813918)"
KOREAN WAR VETERANS,SCULPTURE,RELIEF,GRANITE,FALSE,HTTP://WWW.CITY-BUFFALO.COM/FILES/1_2_1/PUBLIC%20ART%20WEBSITE/WEB%20PAGES/KOREAN%20WAR%20VETERANS%20MEMORIAL.HTML,HENRY GORKO AND LEANORD SZYMANSKI,5/28/1998 0:00,HOUGHTON-STACHOWSKI PARK,CLINTON ST,BUFFALO,14206,NY,42.871691,-78.813918,"(42.871691, -78.813918)"
VIETNAM VETERANS MEMORIAL,SCULPTURE,RELIEF,GRANITE,FALSE,HTTP://WWW.CITY-BUFFALO.COM/FILES/1_2_1/PUBLIC%20ART%20WEBSITE/WEB%20PAGES/VIETNAM%20VETERANS%20MEMORIAL.HTML,HENRY GORKO AND LEANORD SZYMANSKI,5/28/1998 0:00,HOUGHTON-STACHOWSKI PARK,CLINTON ST,BUFFALO,14206,NY,42.871691,-78.813918,"(42.871691, -78.813918)"
WWII VETERANS MEMORIAL,SCULPTURE,RELIEF,GRANITE,FALSE,HTTP://WWW.CITY-BUFFALO.COM/FILES/1_2_1/PUBLIC%20ART%20WEBSITE/WEB%20PAGES/WWII%20VETERANS%20MEMORIAL.HTML,UNKNOWN,1/1/1947 0:00,HOUGHTON-STACHOWSKI PARK,CLINTON ST,BUFFALO,14206,NY,42.871691,-78.813918,"(42.871691, -78.813918)"
JAPANESE GARDEN DEDICATION STONE,SCULPTURE,RELIEF,STONE,FALSE,HTTP://WWW.CITY-BUFFALO.COM/FILES/1_2_1/PUBLIC%20ART%20WEBSITE/WEB%20PAGES/JAPANESE%20GARDEN%20DEDICATION%20STONE.HTML,UNKNOWN,1/1/1996 0:00,JAPANESE GARDENS,1 MUSEUM CT,BUFFALO,14216,NY,42.935585,-78.875174,"(42.935585, -78.875174)"
JAPANESE LANTERNS,SCULPTURE,FIGURATIVE,GRANITE,FALSE,HTTP://WWW.CITY-BUFFALO.COM/FILES/1_2_1/PUBLIC%20ART%20WEBSITE/WEB%20PAGES/JAPANESE%20LANTERNS.HTML,UNKNOWN,1/1/1996 0:00,JAPANESE GARDENS,1 MUSEUM CT,BUFFALO,14216,NY,42.935585,-78.875174,"(42.935585, -78.875174)"
PROPOSED CITY HALL RENDERING,GRAPHIC ART,DRAWING,PAPER,TRUE,UNKNOWN,UNKNOWN,1/1/1926 0:00,6TH FLOOR CITY HALL,65 NIAGARA SQUARE,BUFFALO,14202,NY,42.886641,-78.879354,"(42.886641, -78.879354)"
SOLDIERS AND SAILORS MONUMENT,SCULPTURE,FIGURATIVE,BRONZE,FALSE,HTTP://WWW.CITY-BUFFALO.COM/FILES/1_2_1/PUBLIC%20ART%20WEBSITE/WEB%20PAGES/SOLDIERS%20AND%20SAILORS.HTML,CASPER BUBERT,01/01/1882 12:00:00 AM,LAFAYETTE SQUARE,415 MAIN ST,BUFFALO,14203,NY,42.885686,-78.873991,"(42.885686, -78.873991)"
BUFFALO ZOO RENDERING,GRAPHIC ART,DRAWING,PAPER,FALSE,UNKNOWN,UNKNOWN,,6TH FLOOR CITY HALL,65 NIAGARA SQUARE,BUFFALO,14202,NY,42.886641,-78.879354,"(42.886641, -78.879354)"
URBAN BUILDING RENDERING,GRAPHIC ART,DRAWING,PAPER,FALSE,UNKNOWN,UNKNOWN,,6TH FLOOR CITY HALL,65 NIAGARA SQUARE,BUFFALO,14202,NY,42.886641,-78.879354,"(42.886641, -78.879354)"
CRUSADE FOR FREEDOM MEMORIAL,SCULPTURE,RELIEF,GRANITE,FALSE,HTTP://WWW.CITY-BUFFALO.COM/FILES/1_2_1/PUBLIC%20ART%20WEBSITE/WEB%20PAGES/CRUSADERS%20FOR%20FREEDOM.HTML,UNKNOWN,3/21/1970 0:00,LASALLE PARK,AMVETS DRIVE,BUFFALO,14202,NY,42.88842,-78.891076,"(42.88842, -78.891076)"
WILLIAM L MARCY JR,DECORATIVE OBJECTS,PLAQUE,BRONZE,FALSE,UNKNOWN,UNKNOWN,,MARCY CASINO,199 LINCOLN PKWY,BUFFALO,14222,NY,42.931936,-78.873155,"(42.931936, -78.873155)"
BLACK ROCK HARBOR,DECORATIVE OBJECTS,PLAQUE,BRONZE,FALSE,HTTP://WWW.CITY-BUFFALO.COM/FILES/1_2_1/PUBLIC%20ART%20WEBSITE/WEB%20PAGES/BLACK%20ROCK%20HARBOR%20PLAQUE.HTML,UNKNOWN,7/4/1978 0:00,MARKET SQUARE,AMHERST ST & NIAGARA ST,BUFFALO,14207,NY,42.934465,-78.901991,"(42.934465, -78.901991)"
GEORGE P BURD MEMORIAL,SCULPTURE,RELIEF,GRANITE,FALSE,HTTP://WWW.CITY-BUFFALO.COM/FILES/1_2_1/PUBLIC%20ART%20WEBSITE/WEB%20PAGES/BURD%20MEMORIAL.HTML,UNKNOWN,1/1/1945 0:00,MARKET SQUARE,AMHERST ST & NIAGARA ST,BUFFALO,14207,NY,42.934465,-78.901991,"(42.934465, -78.901991)"
POLICE RESERVE WORLD WAR I MEMORIAL,SCULPTURE,FIGURATIVE,BRONZE AND STONE,FALSE,HTTP://WWW.CI.BUFFALO.NY.US/FILES/1_2_1/PUBLIC%20ART%20WEBSITE/WEB%20PAGES/POLICE%20RESERVED%20WWI%20MEMORIAL.HTML,UNKNOWN,,MARTIN LUTHER KING JR PARK,1354 GENESEE ST,BUFFALO,14211,NY,42.903817,-78.836196,"(42.903817, -78.836196)"
UNTITLED #1,SCULPTURE,ABSTRACT,COR-TEN STEEL,FALSE,HTTP://WWW.CITY-BUFFALO.COM/FILES/1_2_1/PUBLIC%20ART%20WEBSITE/WEB%20PAGES/UNTITLED%201.HTML,DUAYNE HATCHETT,10/8/1978 0:00,TONY SISTI PARK,42 NORTH ST,BUFFALO,14202,NY,42.902122,-78.871189,"(42.902122, -78.871189)"
DR MARTIN LUTHER KING JR MEMORIAL,SCULPTURE,FIGURATIVE,BRONZE,FALSE,HTTP://WWW.CI.BUFFALO.NY.US/FILES/1_2_1/PUBLIC%20ART%20WEBSITE/WEB%20PAGES/MLK%20JR.%20MEMORIAL.HTML,JOHN WILSON,,MARTIN LUTHER KING JR. PARK,FILLMORE AVE,BUFFALO,14211,NY,42.90431,-78.842659,"(42.90431, -78.842659)"
FOUR FREEDOMS MEMORIAL,SCULPTURE,RELIEF,STONE,FALSE,HTTP://WWW.CITY-BUFFALO.COM/FILES/1_2_1/PUBLIC%20ART%20WEBSITE/WEB%20PAGES/FOUR%20FREEDOMS.HTML,UNKNOWN,,MARTIN LUTHER KING JR. PARK,FILLMORE AVE,BUFFALO,14211,NY,42.904977,-78.839682,"(42.904977, -78.839682)"
AMERICAN AND CANADIAN FLAG,DECORATIVE OBJECTS,PLAQUE,BRONZE,FALSE,HTTP://WWW.CITY-BUFFALO.COM/FILES/1_2_1/PUBLIC%20ART%20WEBSITE/WEB%20PAGES/AMERICAN-CANADIAN%20FLAG%20PLAQUE.HTML,UNKNOWN,8/30/1986 0:00,NIAGARA SQUARE,NIAGARA SQUARE,BUFFALO,14202,NY,42.886627,-78.878551,"(42.886627, -78.878551)"
WILLIAM MCKINLEY MONUMENT,SCULPTURE,FOUNTAIN,VERMONT AND ITALIAN MARBLE,FALSE,HTTP://WWW.CITY-BUFFALO.COM/FILES/1_2_1/PUBLIC%20ART%20WEBSITE/WEB%20PAGES/MCKINLEY%20MONUMENT.HTML,ALEXANDER PHI MISTER PROCTOR AND NEWMAN AND EVANS,9/6/1907 0:00,NIAGARA SQUARE,NIAGARA SQUARE,BUFFALO,14202,NY,42.886627,-78.878551,"(42.886627, -78.878551)"
WBEN MILLENNIUM TIME CAPSULE,DECORATIVE OBJECTS,TIME CAPSULE,GRANITE AND MIXED MEDIA,FALSE,HTTP://WWW.CITY-BUFFALO.COM/FILES/1_2_1/PUBLIC%20ART%20WEBSITE/WEB%20PAGES/MILLENIUM%20TIME%20CAPSULE.HTML,WAGNER MONUMENTS,12/4/1999 0:00,NIAGARA SQUARE,NIAGARA SQUARE,BUFFALO,14202,NY,42.886627,-78.878551,"(42.886627, -78.878551)"
SOLE PARK,SCULPTURE,RELIEF,STONE,FALSE,UNKNOWN,UNKNOWN,,PAT SOLE PARK,BUSTI AVE & NIAGARA ST,BUFFALO,14213,NY,42.907321,-78.899787,"(42.907321, -78.899787)"
FREDERIC CHOPIN,SCULPTURE,BUST,BRONZE,FALSE,HTTP://WWW.CI.BUFFALO.NY.US/FILES/1_2_1/PUBLIC%20ART%20WEBSITE/WEB%20PAGES/CHOPIN.HTML,JOSEPH C MAZUR,6/11/1925 0:00,PORTER AVE,PORTER AVE & RICHMOND AVE,BUFFALO,14201,NY,42.902439,-78.882941,"(42.902439, -78.882941)"
VETERANS OF WWII MEMORIAL,SCULPTURE,FIGURATIVE AND RELIEF,GRANITE,FALSE,HTTP://WWW.CITY-BUFFALO.COM/FILES/1_2_1/PUBLIC%20ART%20WEBSITE/WEB%20PAGES/VETERANS%20WWII%20MEMORIAL.HTML,UNKNOWN,,RIVERSIDE PARK,2607 NIAGARA ST,BUFFALO,14207,NY,42.955957,-78.910804,"(42.955957, -78.910804)"
MAIN-JEFFERSON COMMUNITY WWII MEMORIAL,SCULPTURE,FIGURATIVE,GRANITE,FALSE,HTTP://WWW.CITY-BUFFALO.COM/FILES/1_2_1/PUBLIC%20ART%20WEBSITE/WEB%20PAGES/MAIN-JEFFERSON%20COMMUNITY%20WWII%20MEMORIAL.HTML,UNKNOWN,,STREET CORNER SE,MAIN ST & JEFFERSON AVE,BUFFALO,14208,NY,42.924693,-78.854149,"(42.924693, -78.854149)"
STANLEY P MAGNUSZEWSKI MEMORIAL,SCULPTURE,RELIEF,GRANITE,FALSE,HTTP://WWW.CITY-BUFFALO.COM/FILES/1_2_1/PUBLIC%20ART%20WEBSITE/WEB%20PAGES/STANLEY%20P.%20MAGNUSZEWSKI%20MEMORIAL.HTML,UNKNOWN,11/16/1969 0:00,STREET CORNER SW,WILLIAM ST & FILLMORE AVE,BUFFALO,14206,NY,42.884815,-78.839489,"(42.884815, -78.839489)"
BIRDS EXCITED INTO FLIGHT,SCULPTURE,FIGURATIVE,COLD ROLLED STEEL,FALSE,HTTP://WWW.CITY-BUFFALO.COM/FILES/1_2_1/PUBLIC%20ART%20WEBSITE/WEB%20PAGES/BIRDS.HTML,LARRY W GRIFFIS JR,1/1/1981 0:00,STREET MEDIAN,BIDWELL PKWY,BUFFALO,14222,NY,42.923861,-78.876438,"(42.923861, -78.876438)"
WILLIAM MCKINLEY MARKER,DECORATIVE OBJECTS,PLAQUE,BRONZE AND BOULDER,FALSE,HTTP://WWW.CITY-BUFFALO.COM/FILES/1_2_1/PUBLIC%20ART%20WEBSITE/WEB%20PAGES/MCKINLEY%20MARKER.HTML,UNKNOWN,1/1/1907 0:00,STREET MEDIAN,30 FORDHAM DR,BUFFALO,14216,NY,42.938667,-78.874943,"(42.938667, -78.874943)"
ALEXANDER PETOFI,SCULPTURE,BUST,BRONZE,FALSE,HTTP://WWW.CI.BUFFALO.NY.US/FILES/1_2_1/PUBLIC%20ART%20WEBSITE/WEB%20PAGES/PETOFI.HTML,GABRIELLA F KOSZORUS VARSA AND GEZA KENDE,1/1/1992 0:00,RIVERSIDE PARK,2607 NIAGARA ST,BUFFALO,14207,NY,42.953998,-78.908087,"(42.953998, -78.908087)"
THE HIKER,SCULPTURE,FIGURATIVE,BRONZE,FALSE,HTTP://WWW.CITY-BUFFALO.COM/FILES/1_2_1/PUBLIC%20ART%20WEBSITE/WEB%20PAGES/THE%20HIKER.HTML,ALLEN GEORGE NEWMAN,5/29/1920 0:00,ROOSEVELT PLAZA,E HURON ST & MAIN ST,BUFFALO,14203,NY,42.888517,-78.873302,"(42.888517, -78.873302)"
WORLD WAR I MEMORIAL,SCULPTURE,PLAQUE,GRANITE,FALSE,UNKNOWN,UNKNOWN,,STREET TRIANGLE MEDIAN,MAIN ST & NORTHLAND AVE,BUFFALO,14209,NY,42.919641,-78.859655,"(42.919641, -78.859655)"
SAMUEL MANNING WELCH,SCULPTURE,FIGURATIVE,BRONZE,FALSE,HTTP://WWW.CITY-BUFFALO.COM/FILES/1_2_1/PUBLIC%20ART%20WEBSITE/WEB%20PAGES/WELCH.HTML,EUGENE MORAHAN,1/1/1926 0:00,STREET TRIANGLE MEDIAN,JERGE DR & S ELMWOOD AVENUE,BUFFALO,14202,NY,42.887345,-78.879287,"(42.887345, -78.879287)"
PAVING RECORD 1894 - 1907,GRAPHIC ART,BOOK,CLOTH BINDER AND PAPER,FALSE,UNKNOWN,UNKNOWN,3/1/1907 0:00,2001 CITY HALL,65 NIAGARA SQUARE,BUFFALO,14202,NY,42.886641,-78.879354,"(42.886641, -78.879354)"
WORLD WAR II EAGLE,SCULPTURE,FIGURATIVE,BRONZE,FALSE,HTTP://WWW.CITY-BUFFALO.COM/FILES/1_2_1/PUBLIC%20ART%20WEBSITE/WEB%20PAGES/WWII%20EAGLE.HTML,J BIANCHI AND SON INCORPORATED,1/1/1947 0:00,STREET TRIANGLE MEDIAN,W MOHAWK ST & S ELMWOOD AVE,BUFFALO,14202,NY,42.88805,-78.879472,"(42.88805, -78.879472)"
PORTER AVE PUMPING TOWER RENDERING,GRAPHIC ART,DRAWING,PAPER,FALSE,UNKNOWN,UNKNOWN,,6TH FLOOR CITY HALL,65 NIAGARA SQUARE,BUFFALO,14202,NY,42.886641,-78.879354,"(42.886641, -78.879354)"
SYMPHONY CIRCLE LAMP STAND,DECORATIVE OBJECTS,LAMP,CARBON STEEL AND FIBERGLASS,FALSE,HTTP://WWW.CI.BUFFALO.NY.US/FILES/1_2_1/PUBLIC%20ART%20WEBSITE/WEB%20PAGES/SYMPHONY%20CIRCLE%20LAMP%20STAND.HTML,COLGATE INDUSTRIES,1/1/2002 0:00,SYMPHONY CIRCLE,3 SYMPHONY CIRCLE,BUFFALO,14201,NY,42.902336,-78.881947,"(42.902336, -78.881947)"
UNTITLED #2,SCULPTURE,ABSTRACT,COR-TEN STEEL,FALSE,HTTP://WWW.CITY-BUFFALO.COM/FILES/1_2_1/PUBLIC%20ART%20WEBSITE/WEB%20PAGES/UNTITLED%202.HTML,DUAYNE HATCHETT,10/8/1978 0:00,TONY SISTI PARK,42 NORTH ST,BUFFALO,14202,NY,42.902122,-78.871189,"(42.902122, -78.871189)"
CHARLES R TURNER,DECORATIVE OBJECTS,PLAQUE,BRONZE,FALSE,HTTP://WWW.CITY-BUFFALO.COM/FILES/1_2_1/PUBLIC%20ART%20WEBSITE/WEB%20PAGES/CHARLES%20R.%20TURNER%20PLAQUE.HTML,UNKNOWN,,TURNER PARKING RAMP,1 PERKINS DR,BUFFALO,14202,NY,42.885914,-78.879544,"(42.885914, -78.879544)"
FRANK W TYLER MEMORIAL,DECORATIVE OBJECTS,PLAQUE,GRANITE,FALSE,HTTP://WWW.CITY-BUFFALO.COM/FILES/1_2_1/PUBLIC%20ART%20WEBSITE/WEB%20PAGES/FRANK%20W.%20TYLER%20MEMORIAL.HTML,UNKNOWN,1/1/1927 0:00,TYLER PARK,78 SOUTHSIDE PKWY,BUFFALO,14220,NY,42.850363,-78.823991,"(42.850363, -78.823991)"
74TH/174TH REGIMENT VETERANS PLAQUE,DECORATIVE OBJECTS,PLAQUE,BRONZE,FALSE,HTTP://WWW.CITY-BUFFALO.COM/FILES/1_2_1/PUBLIC%20ART%20WEBSITE/WEB%20PAGES/74TH%20REGIMENT%20VETERANS%20PLAQUE.HTML,UNKNOWN,,BUFFALO AND ERIE COUNTY NAVAL & MILITARY PARK,1 NAVAL PARK COVE,BUFFALO,14202,NY,42.878077,-78.880826,"(42.878077, -78.880826)"
SUBMARINE VETERANS OF WWII MEMORIAL,DECORATIVE OBJECTS,PLAQUE,BRONZE,FALSE,HTTP://WWW.CI.BUFFALO.NY.US/FILES/1_2_1/PUBLIC%20ART%20WEBSITE/WEB%20PAGES/SUB%20VETERANS%20WWII%20MEMORIAL.HTML,UNKNOWN,1/1/1982 0:00,BUFFALO AND ERIE COUNTY NAVAL & MILITARY PARK,1 NAVAL PARK COVE,BUFFALO,14202,NY,42.878077,-78.880826,"(42.878077, -78.880826)"
AT THE READY (115TH NY VOLUNTEER INFANTRY CIVIL WAR MEMORIAL),DECORATIVE OBJECTS,PLAQUE,BRONZE,FALSE,HTTP://WWW.CITY-BUFFALO.COM/FILES/1_2_1/PUBLIC%20ART%20WEBSITE/WEB%20PAGES/115TH%20NY%20VOLUNTEER%20INFANTRY%20CIVIL%20WAR%20MEMORIAL.HTML,HENRY J SCHMIDT,1/1/2002 0:00,BUFFALO AND ERIE COUNTY NAVAL & MILITARY PARK,1 NAVAL PARK COVE,BUFFALO,14202,NY,42.878077,-78.880826,"(42.878077, -78.880826)"
KOREAN WAR MEMORIAL,SCULPTURE,RELIEF,GRANITE,FALSE,HTTP://WWW.CITY-BUFFALO.COM/FILES/1_2_1/PUBLIC%20ART%20WEBSITE/WEB%20PAGES/KOREAN%20WAR%20MEMORIAL.HTML,RALPH SIRIANNI,4/28/1990 0:00,BUFFALO AND ERIE COUNTY NAVAL & MILITARY PARK,1 NAVAL PARK COVE,BUFFALO,14202,NY,42.878077,-78.880826,"(42.878077, -78.880826)"
MARINE CORPS WWII MEMORIAL,SCULPTURE,RELIEF,GRANITE,FALSE,HTTP://WWW.CITY-BUFFALO.COM/FILES/1_2_1/PUBLIC%20ART%20WEBSITE/WEB%20PAGES/MARINE%20CORPS%20WWII%20MEMORIAL.HTML,LEON KOMM AND SON MONUMENT COMPANY,10/31/1992 0:00,BUFFALO AND ERIE COUNTY NAVAL & MILITARY PARK,1 NAVAL PARK COVE,BUFFALO,14202,NY,42.878077,-78.880826,"(42.878077, -78.880826)"
MAYOR ELI COOK,GRAPHIC ART,PORTRAIT,PASTEL ON PAPER,TRUE,HTTP://WWW.CI.BUFFALO.NY.US/FILES/1_2_1/PUBLIC%20ART%20WEBSITE/WEB%20PAGES/ELI%20COOK.HTML,UNKNOWN,,2ND FLOOR STORAGE CITY HALL,65 NIAGARA SQUARE,BUFFALO,14202,NY,42.886641,-78.879354,"(42.886641, -78.879354)"
MAYOR WILLIAM F ROGERS,GRAPHIC ART,PORTRAIT,PASTEL ON PAPER,TRUE,HTTP://WWW.CI.BUFFALO.NY.US/FILES/1_2_1/PUBLIC%20ART%20WEBSITE/WEB%20PAGES/WILLIAM%20ROGERS.HTML,UNKNOWN,,2ND FLOOR STORAGE CITY HALL,65 NIAGARA SQUARE,BUFFALO,14202,NY,42.886641,-78.879354,"(42.886641, -78.879354)"
COL WARD PUMPING STATION RENDERING,GRAPHIC ART,DRAWING,PAPER,FALSE,UNKNOWN,UNKNOWN,,6TH FLOOR CITY HALL,65 NIAGARA SQUARE,BUFFALO,14202,NY,42.886641,-78.879354,"(42.886641, -78.879354)"
PEARL HARBOR MEMORIAL,SCULPTURE,RELIEF,GRANITE,FALSE,HTTP://WWW.CITY-BUFFALO.COM/FILES/1_2_1/PUBLIC%20ART%20WEBSITE/WEB%20PAGES/PEARL%20HARBOR%20MEMORIAL.HTML,UNKNOWN,1/1/1984 0:00,BUFFALO AND ERIE COUNTY NAVAL & MILITARY PARK,1 NAVAL PARK COVE,BUFFALO,14202,NY,42.878077,-78.880826,"(42.878077, -78.880826)"
POLISH-AMERICAN VETERANS MEMORIAL,SCULPTURE,RELIEF,GRANITE,FALSE,HTTP://WWW.CITY-BUFFALO.COM/FILES/1_2_1/PUBLIC%20ART%20WEBSITE/WEB%20PAGES/POLISH-AMERICAN%20VETERANS%20MEMORIAL.HTML,H A GOMEZ AND MICAEL ANGELO,11/1/2002 0:00,BUFFALO AND ERIE COUNTY NAVAL & MILITARY PARK,1 NAVAL PARK COVE,BUFFALO,14202,NY,42.878077,-78.880826,"(42.878077, -78.880826)"
WESTERN NEW YORK VIETNAM VETERANS MEMORIAL,SCULPTURE,RELIEF,GRANITE,FALSE,HTTP://WWW.CITY-BUFFALO.COM/FILES/1_2_1/PUBLIC%20ART%20WEBSITE/WEB%20PAGES/WNY%20VIETNAM%20VETERANS%20MEMORIAL.HTML,SIRIANNI,7/7/1984 0:00,BUFFALO AND ERIE COUNTY NAVAL & MILITARY PARK,1 NAVAL PARK COVE,BUFFALO,14202,NY,42.878077,-78.880826,"(42.878077, -78.880826)"
JESSE CLIPPER MEMORIAL,SCULPTURE,RELIEF,GRANITE,FALSE,HTTP://WWW.CITY-BUFFALO.COM/FILES/1_2_1/PUBLIC%20ART%20WEBSITE/WEB%20PAGES/JESSE%20CLIPPER%20MEMORIAL.HTML,UNKNOWN,4/24/1938 0:00,WILLERT PARK,MICHIGAN AVE,BUFFALO,14203,NY,42.884904,-78.867877,"(42.884904, -78.867877)"
B DISTRICT POLICE MURAL,PAINTINGS,MURAL,ACRYLIC ON CANVAS,TRUE,HTTP://WWW.CI.BUFFALO.NY.US/FILES/1_2_1/PUBLIC%20ART%20WEBSITE/WEB%20PAGES/B%20DISTRICT%20POLICE%20MURAL.HTML,ANDREW REID,1/1/2001 0:00,POLICE PRECINCT,E TUPPER ST & MAIN ST,BUFFALO,14203,NY,42.893331,-78.871878,"(42.893331, -78.871878)"
GIUSEPPE VERDI (REPLICA),SCULPTURE,BUST,BRONZE,FALSE,HTTP://WWW.CI.BUFFALO.NY.US/FILES/1_2_1/PUBLIC%20ART%20WEBSITE/WEB%20PAGES/VERDI%20REPLICA.HTML,A DECIANNO AND ANTONIO UGO,1/1/1905 0:00,PORTER AVE,PORTER AVE & RICHMOND AVE,BUFFALO,14201,NY,42.902439,-78.882941,"(42.902439, -78.882941)"
MAYOR EBENEZER JOHNSON,PAINTINGS,PORTRAIT,OIL ON CANVAS,TRUE,HTTP://WWW.CI.BUFFALO.NY.US/FILES/1_2_1/PUBLIC%20ART%20WEBSITE/WEB%20PAGES/EBENEZER%20JOHNSON.HTML,JAMES JACKSON,03/01/1833 12:00:00 AM,201 CITY HALL,65 NIAGARA SQUARE,BUFFALO,14202,NY,42.886641,-78.879354,"(42.886641, -78.879354)"
MAYOR HIRAM BARTON,PAINTINGS,PORTRAIT,OIL ON CANVAS,TRUE,HTTP://WWW.CI.BUFFALO.NY.US/FILES/1_2_1/PUBLIC%20ART%20WEBSITE/WEB%20PAGES/HIRAM%20BARTON.HTML,UNKNOWN,03/01/1853 12:00:00 AM,201 CITY HALL,65 NIAGARA SQUARE,BUFFALO,14202,NY,42.886641,-78.879354,"(42.886641, -78.879354)"
BUFFALO STREET MAP,GRAPHIC ART,MAP,CLOTH MAP IN WOOD  CASE,TRUE,UNKNOWN,UNKNOWN,1/1/1928 0:00,1ST FLOOR CITY HALL,65 NIAGARA SQUARE,BUFFALO,14202,NY,42.886641,-78.879354,"(42.886641, -78.879354)"
BUFFALO STREET MAP,GRAPHIC ART,MAP,VELLUM PAPER,TRUE,UNKNOWN,UNKNOWN,1/1/1940 0:00,304 CITY HALL,65 NIAGARA SQUARE,BUFFALO,14202,NY,42.886641,-78.879354,"(42.886641, -78.879354)"
CITY STREET MAP,GRAPHIC ART,MAP,CLOTH,TRUE,UNKNOWN,UNKNOWN,01/01/1833 12:00:00 AM,502 CITY HALL,65 NIAGARA SQUARE,BUFFALO,14202,NY,42.886641,-78.879354,"(42.886641, -78.879354)"
BUFFALO STREET MAP,GRAPHIC ART,MAP,PARCHMENT,TRUE,UNKNOWN,SMITH BROTHERS COMPANY,01/01/1856 12:00:00 AM,502 CITY HALL,65 NIAGARA SQUARE,BUFFALO,14202,NY,42.886641,-78.879354,"(42.886641, -78.879354)"
IRISH FAMINE MEMORIAL,SCULPTURE,ABSTRACT,BRONZE AND STONE,FALSE,HTTP://WWW.CITY-BUFFALO.COM/FILES/1_2_1/PUBLIC%20ART%20WEBSITE/WEB%20PAGES/IRISH%20FAMINE%20MEMORIAL.HTML,FERGUS DESIGN,8/23/1997 0:00,ERIE BASIN MARINA,329 ERIE ST,BUFFALO,14202,NY,42.884454,-78.890315,"(42.884454, -78.890315)"
MAYOR/COUNCIL MEMBERS,GRAPHIC ART,PORTRAIT,PAPER,TRUE,UNKNOWN,UNKNOWN,,COUNCIL CHAMBER CITY HALL,65 NIAGARA SQUARE,BUFFALO,14202,NY,42.886641,-78.879354,"(42.886641, -78.879354)"
RIVERSIDE PARK LIGHTHOUSE MEMORIAL,SCULPTURE,FIGURATIVE,BRONZE AND GRANITE,FALSE,UNKNOWN,UNKNOWN,,RIVERSIDE PARK,2607 NIAGARA ST,BUFFALO,14207,NY,42.955957,-78.910804,"(42.955957, -78.910804)"
LIFE MEMORIAL PARK,DECORATIVE OBJECTS,PLAQUE,BRONZE AND GRANITE AND CONCRETE,FALSE,HTTP://WWW.CITY-BUFFALO.COM/FILES/1_2_1/PUBLIC%20ART%20WEBSITE/WEB%20PAGES/LIFE%20MEMORIAL%20PLAQUE.HTML,UNKNOWN,8/18/1994 0:00,LIFE MEMORIAL PARK,NORMAL AVE AND PORTER AVE,BUFFALO,14201,NY,42.902908,-78.884856,"(42.902908, -78.884856)"
FERRY CIRCLE LAMP STAND,DECORATIVE OBJECTS,LAMP,STEEL AND FIBERGLASS AND SANDSTONE,FALSE,HTTP://WWW.CI.BUFFALO.NY.US/FILES/1_2_1/PUBLIC%20ART%20WEBSITE/WEB%20PAGES/FERRY%20CIRCLE%20LAMP%20STAND.HTML,COLGATE INDUSTRIES,1/1/2002 0:00,FERRY CIRCLE,FERRY ST & RICHMOND ST,BUFFALO,14213,NY,42.915606,-78.882276,"(42.915606, -78.882276)"
CIVIL WAR CANNONS,DECORATIVE OBJECTS,CANNONS,CAST IRON,FALSE,HTTP://WWW.CI.BUFFALO.NY.US/FILES/1_2_1/PUBLIC%20ART%20WEBSITE/WEB%20PAGES/CIVIL%20WAR%20CANNONS.HTML,UNKNOWN,01/01/1864 12:00:00 AM,DELAWARE LABOR CENTER,17 MEADOWVIEW PLACE,BUFFALO,14214,NY,42.93097,-78.855969,"(42.93097, -78.855969)"
16TH WARD WORLD WAR I MEMORIAL,SCULPTURE,RELIEF,GRANITE,FALSE,HTTP://WWW.CITY-BUFFALO.COM/FILES/1_2_1/PUBLIC%20ART%20WEBSITE/WEB%20PAGES/16TH%20WARD%20WWI%20MEMORIAL.HTML,UNKNOWN,,SYCAMORE ST & WALDEN AVE,447 WALDEN AVE,BUFFALO,14211,NY,42.904007,-78.81945,"(42.904007, -78.81945)"
DAVID,SCULPTURE,FIGURATIVE,BRONZE,FALSE,HTTP://WWW.CITY-BUFFALO.COM/FILES/1_2_1/PUBLIC%20ART%20WEBSITE/WEB%20PAGES/DAVID.HTML,MICHELANGELO BURNARROTI,1/1/1900 0:00,DELAWARE PARK,MEADOW DRIVE,BUFFALO,14209,NY,42.933988,-78.873198,"(42.933988, -78.873198)"
WOLFGANG A MOZART,SCULPTURE,BUST,BRONZE AND GRANITE,FALSE,HTTP://WWW.CI.BUFFALO.NY.US/FILES/1_2_1/PUBLIC%20ART%20WEBSITE/WEB%20PAGES/MOZART.HTML,OLIN H WARNER,01/01/1892 12:00:00 AM,DELAWARE PARK,MEADOW DRIVE,BUFFALO,14216,NY,42.935624,-78.875722,"(42.935624, -78.875722)"
PRESIDENT GROVER CLEVELAND,SCULPTURE,FIGURATIVE,BRONZE AND GRANITE,FALSE,HTTP://WWW.CITY-BUFFALO.COM/FILES/1_2_1/PUBLIC%20ART%20WEBSITE/WEB%20PAGES/CLEVELAND.HTML,BRYANT BAKER,7/1/1932 0:00,CITY HALL,65 NIAGARA SQUARE,BUFFALO,14202,NY,42.886641,-78.879354,"(42.886641, -78.879354)"
MUNICIPAL BASEBALL WWI MEMORIAL,DECORATIVE OBJECTS,PLAQUE,BRONZE AND GRANITE,FALSE,HTTP://WWW.CITY-BUFFALO.COM/FILES/1_2_1/PUBLIC%20ART%20WEBSITE/WEB%20PAGES/MUNICIPAL%20BASEBALL%20ASSOC.%20WWI%20MEMORIAL.HTML,UNKNOWN,7/20/1919 0:00,CAZENOVIA PARK,REDJACKET PKWY,BUFFALO,14220,NY,42.846737,-78.810073,"(42.846737, -78.810073)"
CANADIAN MAPLE TREES COMMEMORATIVE PLAQUE,DECORATIVE OBJECTS,PLAQUE,BRONZE ON GRANITE BASE,FALSE,HTTP://WWW.CITY-BUFFALO.COM/FILES/1_2_1/PUBLIC%20ART%20WEBSITE/WEB%20PAGES/CANADIAN%20TREES.HTML,UNKNOWN,9/19/1982 0:00,BUFFALO CITY COURT BUILDING,50 DELAWARE AVE,BUFFALO,14202,NY,42.885709,-78.87959,"(42.885709, -78.87959)"
MERCHANT MARINE MEMORIAL,SCULPTURE,RELIEF,BRONZE AND GRANITE,FALSE,HTTP://WWW.CITY-BUFFALO.COM/FILES/1_2_1/PUBLIC%20ART%20WEBSITE/WEB%20PAGES/MERCHANT%20MARINE%20MEMORIAL.HTML,TONY DECORSE,1/1/1995 0:00,BUFFALO AND ERIE COUNTY NAVAL & MILITARY PARK,1 NAVAL PARK COVE,BUFFALO,14202,NY,42.878077,-78.880826,"(42.878077, -78.880826)"
FREEDOM MEMORIAL,SCULPTURE,FIGURATIVE AND RELIEF,BRONZE AND GRANITE,FALSE,UNKNOWN,UNKNOWN,,STREET CORNER SE,GRIDER ST & NORTHLAND AVE,BUFFALO,14211,NY,42.918798,-78.829261,"(42.918798, -78.829261)"
21ST WARD WORLD WAR I MEMORIAL,SCULPTURE,FIGURATIVE AND RELIEF,BRONZE AND GRANITE,FALSE,HTTP://WWW.CITY-BUFFALO.COM/FILES/1_2_1/PUBLIC%20ART%20WEBSITE/WEB%20PAGES/21ST%20WARD%20WWI%20MEMORIAL.HTML,UNKNOWN,11/11/1922 0:00,RIVERSIDE PARK,2607 NIAGARA ST,BUFFALO,14207,NY,42.955957,-78.910804,"(42.955957, -78.910804)"
COMMODORE OLIVER HAZARD PERRY,SCULPTURE,FIGURATIVE,BRONZE AND GRANITE,FALSE,HTTP://WWW.CITY-BUFFALO.COM/FILES/1_2_1/PUBLIC%20ART%20WEBSITE/WEB%20PAGES/PERRY.HTML,CHARLES H NIEHAUS,5/30/1916 0:00,FRONT PARK,952 BUSTI AVE,BUFFALO,14213,NY,42.902176,-78.89826,"(42.902176, -78.89826)"
FOUNTAIN AT FOUNTAIN PLAZA,DECORATIVE OBJECTS,FOUNTAIN,GRANITE,FALSE,HTTP://WWW.CI.BUFFALO.NY.US/FILES/1_2_1/PUBLIC%20ART%20WEBSITE/WEB%20PAGES/FOUNTAIN%20AT%20FOUNTAIN%20PLAZA.HTML,STU DAWSON,11/1/1991 0:00,FOUNTAIN PLAZA,E CHIPPEWA ST & MAIN ST,BUFFALO,14201,NY,42.890736,-78.875651,"(42.890736, -78.875651)"
PAN-AMERICAN EXPOSITION CENTENNIAL MONUMENT,SCULPTURE,RELIEF,GRANITE,FALSE,HTTP://WWW.CITY-BUFFALO.COM/FILES/1_2_1/PUBLIC%20ART%20WEBSITE/WEB%20PAGES/PAN-AMERICAN%20EXPOSITION%20CENTENNIAL%20MONUMENT.HTML,WILLIAM G KOCH,1/1/2001 0:00,DELAWARE PARK,MEADOW DRIVE,BUFFALO,14216,NY,42.930496,-78.873167,"(42.930496, -78.873167)"
JOHN BOECHAT MEMORIAL,SCULPTURE,RELIEF,GRANITE,FALSE,HTTP://WWW.CITY-BUFFALO.COM/FILES/1_2_1/PUBLIC%20ART%20WEBSITE/WEB%20PAGES/BOECHAT%20MEMORIAL.HTML,UNKNOWN,5/29/1936 0:00,COLONIAL CIRCLE,BIDWELL PKWY,BUFFALO,14222,NY,42.920769,-78.881047,"(42.920769, -78.881047)"
PRESIDENT MILLARD FILLMORE,SCULPTURE,FIGURATIVE,BRONZE AND GRANITE,FALSE,HTTP://WWW.CITY-BUFFALO.COM/FILES/1_2_1/PUBLIC%20ART%20WEBSITE/WEB%20PAGES/FILLMORE.HTML,BRYANT BAKER,7/1/1933 0:00,CITY HALL,65 NIAGARA SQUARE,BUFFALO,14202,NY,42.886641,-78.879354,"(42.886641, -78.879354)"
JOHN E MULROY PLAQUE,DECORATIVE OBJECTS,PLAQUE,BRONZE AND GRANITE,FALSE,HTTP://WWW.CITY-BUFFALO.COM/FILES/1_2_1/PUBLIC%20ART%20WEBSITE/WEB%20PAGES/JOHN%20E.%20MULROY%20PLAQUE.HTML,UNKNOWN,1/1/1931 0:00,CAZENOVIA PARK,CAZENOVIA ST,BUFFALO,14220,NY,42.846737,-78.810073,"(42.846737, -78.810073)"
EDEN,SCULPTURE,FIGURATIVE,BRONZE,FALSE,UNKNOWN,JUDITH SHEA,1/1/1987 0:00,STREET TRIANGLE MEDIAN,ELMWOOD AVE & BIDWELL AVE,BUFFALO,14222,NY,42.924102,-78.876858,"(42.924102, -78.876858)"
WAR MEMORIAL AUDITORIUM CHAIRS,DECORATIVE OBJECT,FURNITURE,WOOD,FALSE,UNKNOWN,UNKNOWN,,201 CITY HALL,65 NIAGARA SQUARE,BUFFALO,14202,NY,42.886641,-78.879354,"(42.886641, -78.879354)"
